id,date,name,abrv,primaryColor,logo,current_playoffs,current_round2,current_conf,current_final,current_win
1,2024-10-1,Anaheim Ducks,ANA,#00685e,/Images/ducks.png,0.5%,0.1%,0%,0%,0%
2,2024-10-1,Boston Bruins,BOS,#FFB81C,/Images/bruins.png,71.9%,37.0%,18.8%,9.0%,4.1%
3,2024-10-1,Buffalo Sabres,BUF,#003087,/Images/sabres.png,20.1%,6.1%,2.0%,0.6%,0.2%
4,2024-10-1,Calgary Flames,CGY,#D2001C,/Images/flames.png,16.1%,3.9%,1.1%,0.3%,0.1%
5,2024-10-1,Carolina Hurricanes,CAR,#CE1126,/Images/canes.png,81.3%,43.2%,22.3%,11.5%,5.5%
6,2024-10-1,Chicago Blackhawks,CHI,#CF0A2C,/Images/blackhawks.png,10.5%,2.5%,0.6%,0.1%,0%
7,2024-10-1,Colorado Avalanche,COL,#6F263D,/Images/avalanche.png,80.9%,41.8%,19.9%,9.3%,4.5%
8,2024-10-1,Columbus Blue Jackets,CBJ,#002654,/Images/blue jackets.png,0.2%,0%,0%,0%,0%
9,2024-10-1,Dallas Stars,DAL,#006847,/Images/stars.png,95.3%,60.3%,33.4%,19.1%,10.9%
10,2024-10-1,Detroit Red Wings,DET,#ce1126,/Images/red wings.png,28.4%,9.9%,3.4%,1.2%,0.4%
11,2024-10-1,Edmonton Oilers,EDM,#FF4C00,/Images/oilers.png,91.1%,49.7%,26.6%,13.0%,6.8%
12,2024-10-1,Florida Panthers,FLA,#c8102E,/Images/panthers.png,94.5%,59.7%,35.5%,21.2%,11.8%
13,2024-10-1,Los Angeles Kings,LAK,#A2AAAD,/Images/kings.png,87.2%,45.5%,24.2%,11.8%,6.0%
14,2024-10-1,Minnesota Wild,MIN,#154734,/Images/wild.png,72.0%,30.3%,12.1%,4.8%,1.9%
15,2024-10-1,Montreal Canadiens,MTL,#AF1E2D,/Images/canadiens.png,1.0%,0.2%,0%,0%,0%
16,2024-10-1,Nashville Predators,NSH,#FFB81C,/Images/predators.png,69.1%,33.1%,15.1%,6.8%,3.2%
17,2024-10-1,New Jersey Devils,NJD,#CE1126,/Images/devils.png,87.2%,48.5%,25.5%,13.4%,6.6%
18,2024-10-1,New York Islanders,NYI,#00539b,/Images/islanders.png,77.8%,36.9%,17.4%,8.0%,3.5%
19,2024-10-1,New York Rangers,NYR,#0038A8,/Images/rangers.png,87.0%,48.2%,25.4%,13.3%,6.6%
20,2024-10-1,Ottawa Senators,OTT,#DA1A32,/Images/senators.png,46.9%,19.8%,8.4%,3.5%,1.3%
21,2024-10-1,Philadelphia Flyers,PHI,#F74902,/Images/flyers.png,2.1%,0.4%,0.1%,0%,0%
22,2024-10-1,Pittsburgh Penguins,PIT,#FCB514,/Images/penguins.png,9.2%,2.4%,0.7%,0.2%,0.1%
23,2024-10-1,San Jose Sharks,SJS,#006D75,/Images/sharks.png,0%,0%,0%,0%,0%
24,2024-10-1,Seattle Kraken,SEA,#68a2b9,/Images/kraken.png,41.5%,14.6%,5.6%,2.0%,0.7%
25,2024-10-1,St. Louis Blues,STL,#002F87,/Images/blues.png,3.6%,0.7%,0.1%,0%,0%
26,2024-10-1,Tampa Bay Lightning,TBL,#002868,/Images/lightning.png,59.2%,28.2%,13.5%,6.1%,2.6%
27,2024-10-1,Toronto Maple Leafs,TOR,#00205b,/Images/leafs.png,79.2%,39.9%,19.7%,9.3%,4.3%
28,2024-10-1,Utah Hockey Club,UTA,#5c88da,/Images/utah.png,19.7%,5.6%,1.8%,0.6%,0.2%
29,2024-10-1,Vancouver Canucks,VAN,#00205B,/Images/canucks.png,97.8%,64.0%,39.1%,23.7%,14.2%
30,2024-10-1,Vegas Golden Knights,VGK,#B4975A,/Images/golden knights.png,47.1%,16.6%,6.5%,2.4%,0.9%
31,2024-10-1,Washington Capitals,WSH,#041E42,/Images/capitals.png,53.9%,19.7%,7.4%,2.7%,1.0%
32,2024-10-1,Winnipeg Jets,WPG,#004C97,/Images/jets.png,67.7%,31.5%,14.0%,6.2%,2.8%
1,2024-10-13,Anaheim Ducks,ANA,#00685e,/Images/ducks.png,1.3%,0.3%,0.1%,0.01%,0.0%
2,2024-10-13,Boston Bruins,BOS,#FFB81C,/Images/bruins.png,60.0%,28.6%,13.3%,6.0%,2.7%
3,2024-10-13,Buffalo Sabres,BUF,#003087,/Images/sabres.png,20.0%,7.1%,2.4%,0.8%,0.3%
4,2024-10-13,Calgary Flames,CGY,#D2001C,/Images/flames.png,44.4%,16.4%,6.5%,2.4%,0.9%
5,2024-10-13,Carolina Hurricanes,CAR,#CE1126,/Images/canes.png,89.0%,54.6%,32.4%,19.2%,10.8%
6,2024-10-13,Chicago Blackhawks,CHI,#CF0A2C,/Images/blackhawks.png,12.7%,3.7%,1.1%,0.3%,0.1%
7,2024-10-13,Colorado Avalanche,COL,#6F263D,/Images/avalanche.png,53.0%,25.3%,11.9%,5.5%,2.6%
8,2024-10-13,Columbus Blue Jackets,CBJ,#002654,/Images/blue jackets.png,1.7%,0.3%,0.1%,0.02%,0.0%
9,2024-10-13,Dallas Stars,DAL,#006847,/Images/stars.png,84.0%,45.0%,22.5%,11.1%,5.5%
10,2024-10-13,Detroit Red Wings,DET,#ce1126,/Images/red wings.png,18.2%,6.6%,2.3%,0.8%,0.3%
11,2024-10-13,Edmonton Oilers,EDM,#FF4C00,/Images/oilers.png,80.2%,44.0%,24.0%,12.5%,6.6%
12,2024-10-13,Florida Panthers,FLA,#c8102E,/Images/panthers.png,82.9%,48.8%,27.1%,15.2%,8.1%
13,2024-10-13,Los Angeles Kings,LAK,#A2AAAD,/Images/kings.png,86.6%,49.1%,27.2%,14.5%,7.8%
14,2024-10-13,Minnesota Wild,MIN,#154734,/Images/wild.png,85.8%,49.3%,26.3%,14.3%,7.6%
15,2024-10-13,Montreal Canadiens,MTL,#AF1E2D,/Images/canadiens.png,5.8%,1.4%,0.4%,0.1%,0.01%
16,2024-10-13,Nashville Predators,NSH,#FFB81C,/Images/predators.png,37.3%,16.5%,7.2%,3.2%,1.4%
17,2024-10-13,New Jersey Devils,NJD,#CE1126,/Images/devils.png,81.4%,41.4%,20.9%,10.2%,4.9%
18,2024-10-13,New York Islanders,NYI,#00539b,/Images/islanders.png,57.6%,26.0%,11.9%,5.4%,2.3%
19,2024-10-13,New York Rangers,NYR,#0038A8,/Images/rangers.png,83.6%,44.6%,23.6%,12.1%,6.1%
20,2024-10-13,Ottawa Senators,OTT,#DA1A32,/Images/senators.png,55.4%,26.4%,12.4%,5.8%,2.7%
21,2024-10-13,Philadelphia Flyers,PHI,#F74902,/Images/flyers.png,21.3%,7.1%,2.4%,0.8%,0.3%
22,2024-10-13,Pittsburgh Penguins,PIT,#FCB514,/Images/penguins.png,11.4%,3.4%,1.1%,0.4%,0.1%
23,2024-10-13,San Jose Sharks,SJS,#006D75,/Images/sharks.png,1.1%,0.2%,0.1%,0.0%,0.0%
24,2024-10-13,Seattle Kraken,SEA,#68a2b9,/Images/kraken.png,29.1%,10.3%,3.9%,1.5%,0.5%
25,2024-10-13,St. Louis Blues,STL,#002F87,/Images/blues.png,21.8%,7.2%,2.3%,0.8%,0.2%
26,2024-10-13,Tampa Bay Lightning,TBL,#002868,/Images/lightning.png,65.7%,33.4%,16.3%,7.8%,3.7%
27,2024-10-13,Toronto Maple Leafs,TOR,#00205b,/Images/leafs.png,79.6%,39.8%,19.2%,9.0%,4.1%
28,2024-10-13,Utah Hockey Club,UTA,#5c88da,/Images/utah.png,46.7%,18.1%,7.1%,2.7%,1.1%
29,2024-10-13,Vancouver Canucks,VAN,#00205B,/Images/canucks.png,91.0%,55.1%,31.9%,18.0%,10.1%
30,2024-10-13,Vegas Golden Knights,VGK,#B4975A,/Images/golden knights.png,47.0%,17.9%,7.1%,2.7%,1.0%
31,2024-10-13,Washington Capitals,WSH,#041E42,/Images/capitals.png,66.6%,30.5%,14.4%,6.5%,2.8%
32,2024-10-13,Winnipeg Jets,WPG,#004C97,/Images/jets.png,78.1%,41.8%,21.0%,10.7%,5.4%
1,2024-10-20,Anaheim Ducks,ANA,#00685e,/Images/ducks.png,1.3%,0.3%,0.1%,0.02%,0.0%
2,2024-10-20,Boston Bruins,BOS,#FFB81C,/Images/bruins.png,57.5%,27.1%,12.5%,5.7%,2.5%
3,2024-10-20,Buffalo Sabres,BUF,#003087,/Images/sabres.png,16.0%,5.6%,1.9%,0.7%,0.2%
4,2024-10-20,Calgary Flames,CGY,#D2001C,/Images/flames.png,53.6%,20.0%,7.8%,2.8%,1.0%
5,2024-10-20,Carolina Hurricanes,CAR,#CE1126,/Images/canes.png,88.4%,53.2%,31.4%,18.5%,10.3%
6,2024-10-20,Chicago Blackhawks,CHI,#CF0A2C,/Images/blackhawks.png,9.7%,2.7%,0.7%,0.2%,0.1%
7,2024-10-20,Colorado Avalanche,COL,#6F263D,/Images/avalanche.png,45.4%,21.3%,10.0%,4.6%,2.1%
8,2024-10-20,Columbus Blue Jackets,CBJ,#002654,/Images/blue jackets.png,1.1%,0.2%,0.1%,0.01%,0.0%
9,2024-10-20,Dallas Stars,DAL,#006847,/Images/stars.png,87.5%,46.6%,23.2%,11.5%,5.7%
10,2024-10-20,Detroit Red Wings,DET,#ce1126,/Images/red wings.png,13.8%,5.0%,1.7%,0.6%,0.2%
11,2024-10-20,Edmonton Oilers,EDM,#FF4C00,/Images/oilers.png,77.9%,42.6%,23.2%,12.2%,6.5%
12,2024-10-20,Florida Panthers,FLA,#c8102E,/Images/panthers.png,87.1%,51.0%,28.2%,15.7%,8.4%
13,2024-10-20,Los Angeles Kings,LAK,#A2AAAD,/Images/kings.png,85.5%,48.7%,26.8%,14.1%,7.6%
14,2024-10-20,Minnesota Wild,MIN,#154734,/Images/wild.png,89.7%,51.5%,27.5%,14.8%,7.9%
15,2024-10-20,Montreal Canadiens,MTL,#AF1E2D,/Images/canadiens.png,3.1%,0.8%,0.2%,0.1%,0.01%
16,2024-10-20,Nashville Predators,NSH,#FFB81C,/Images/predators.png,24.4%,10.6%,4.8%,2.1%,0.9%
17,2024-10-20,New Jersey Devils,NJD,#CE1126,/Images/devils.png,81.6%,40.8%,20.6%,10.0%,4.7%
18,2024-10-20,New York Islanders,NYI,#00539b,/Images/islanders.png,60.5%,27.2%,12.4%,5.6%,2.5%
19,2024-10-20,New York Rangers,NYR,#0038A8,/Images/rangers.png,88.5%,47.1%,24.8%,12.7%,6.3%
20,2024-10-20,Ottawa Senators,OTT,#DA1A32,/Images/senators.png,56.7%,26.9%,12.5%,5.8%,2.6%
21,2024-10-20,Philadelphia Flyers,PHI,#F74902,/Images/flyers.png,13.4%,4.4%,1.5%,0.5%,0.2%
22,2024-10-20,Pittsburgh Penguins,PIT,#FCB514,/Images/penguins.png,11.2%,3.4%,1.1%,0.3%,0.1%
23,2024-10-20,San Jose Sharks,SJS,#006D75,/Images/sharks.png,0.7%,0.1%,0.02%,0.0%,0.0%
24,2024-10-20,Seattle Kraken,SEA,#68a2b9,/Images/kraken.png,36.5%,12.9%,4.7%,1.7%,0.6%
25,2024-10-20,St. Louis Blues,STL,#002F87,/Images/blues.png,25.6%,8.3%,2.7%,0.9%,0.3%
26,2024-10-20,Tampa Bay Lightning,TBL,#002868,/Images/lightning.png,69.0%,34.8%,16.9%,8.2%,4.0%
27,2024-10-20,Toronto Maple Leafs,TOR,#00205b,/Images/leafs.png,77.1%,38.1%,18.0%,8.5%,3.9%
28,2024-10-20,Utah Hockey Club,UTA,#5c88da,/Images/utah.png,45.2%,17.4%,6.7%,2.6%,1.0%
29,2024-10-20,Vancouver Canucks,VAN,#00205B,/Images/canucks.png,92.0%,56.2%,32.6%,18.6%,10.4%
30,2024-10-20,Vegas Golden Knights,VGK,#B4975A,/Images/golden knights.png,40.9%,15.6%,6.3%,2.4%,0.9%
31,2024-10-20,Washington Capitals,WSH,#041E42,/Images/capitals.png,74.9%,34.5%,16.1%,7.2%,3.3%
32,2024-10-20,Winnipeg Jets,WPG,#004C97,/Images/jets.png,84.3%,45.3%,22.8%,11.6%,5.9%
1,2024-10-27,Anaheim Ducks,ANA,#00685e,/Images/ducks.png,1.0%,0.2%,0.04%,0.01%,0.0%
2,2024-10-27,Boston Bruins,BOS,#FFB81C,/Images/bruins.png,52.3%,24.6%,11.3%,5.1%,2.2%
3,2024-10-27,Buffalo Sabres,BUF,#003087,/Images/sabres.png,23.4%,8.2%,2.9%,1.0%,0.3%
4,2024-10-27,Calgary Flames,CGY,#D2001C,/Images/flames.png,46.2%,16.8%,6.5%,2.4%,0.9%
5,2024-10-27,Carolina Hurricanes,CAR,#CE1126,/Images/canes.png,94.0%,57.1%,33.6%,19.7%,11.1%
6,2024-10-27,Chicago Blackhawks,CHI,#CF0A2C,/Images/blackhawks.png,4.8%,1.3%,0.4%,0.1%,0.03%
7,2024-10-27,Colorado Avalanche,COL,#6F263D,/Images/avalanche.png,56.2%,26.2%,12.3%,5.7%,2.6%
8,2024-10-27,Columbus Blue Jackets,CBJ,#002654,/Images/blue jackets.png,1.7%,0.3%,0.1%,0.01%,0.0%
9,2024-10-27,Dallas Stars,DAL,#006847,/Images/stars.png,88.3%,45.8%,22.8%,11.1%,5.5%
10,2024-10-27,Detroit Red Wings,DET,#ce1126,/Images/red wings.png,17.5%,6.3%,2.3%,0.8%,0.3%
11,2024-10-27,Edmonton Oilers,EDM,#FF4C00,/Images/oilers.png,79.1%,42.6%,22.8%,11.8%,6.2%
12,2024-10-27,Florida Panthers,FLA,#c8102E,/Images/panthers.png,90.1%,53.2%,29.3%,16.4%,8.8%
13,2024-10-27,Los Angeles Kings,LAK,#A2AAAD,/Images/kings.png,87.7%,49.5%,27.1%,14.3%,7.6%
14,2024-10-27,Minnesota Wild,MIN,#154734,/Images/wild.png,90.5%,51.1%,27.0%,14.6%,7.8%
15,2024-10-27,Montreal Canadiens,MTL,#AF1E2D,/Images/canadiens.png,3.3%,0.8%,0.2%,0.04%,0.01%
16,2024-10-27,Nashville Predators,NSH,#FFB81C,/Images/predators.png,31.9%,13.7%,6.0%,2.6%,1.2%
17,2024-10-27,New Jersey Devils,NJD,#CE1126,/Images/devils.png,74.6%,36.4%,18.4%,9.0%,4.3%
18,2024-10-27,New York Islanders,NYI,#00539b,/Images/islanders.png,56.3%,24.8%,11.4%,5.0%,2.2%
19,2024-10-27,New York Rangers,NYR,#0038A8,/Images/rangers.png,90.3%,48.3%,25.3%,12.8%,6.4%
20,2024-10-27,Ottawa Senators,OTT,#DA1A32,/Images/senators.png,57.7%,27.3%,12.6%,5.8%,2.6%
21,2024-10-27,Philadelphia Flyers,PHI,#F74902,/Images/flyers.png,12.1%,3.9%,1.4%,0.5%,0.1%
22,2024-10-27,Pittsburgh Penguins,PIT,#FCB514,/Images/penguins.png,6.8%,2.0%,0.7%,0.2%,0.1%
23,2024-10-27,San Jose Sharks,SJS,#006D75,/Images/sharks.png,0.2%,0.03%,0.0%,0.0%,0.0%
24,2024-10-27,Seattle Kraken,SEA,#68a2b9,/Images/kraken.png,26.4%,9.3%,3.5%,1.3%,0.5%
25,2024-10-27,St. Louis Blues,STL,#002F87,/Images/blues.png,20.4%,6.6%,2.2%,0.7%,0.2%
26,2024-10-27,Tampa Bay Lightning,TBL,#002868,/Images/lightning.png,69.8%,35.6%,17.3%,8.3%,3.8%
27,2024-10-27,Toronto Maple Leafs,TOR,#00205b,/Images/leafs.png,71.3%,35.3%,16.6%,7.8%,3.5%
28,2024-10-27,Utah Hockey Club,UTA,#5c88da,/Images/utah.png,29.4%,11.0%,4.3%,1.5%,0.6%
29,2024-10-27,Vancouver Canucks,VAN,#00205B,/Images/canucks.png,94.0%,57.1%,32.7%,18.6%,10.4%
30,2024-10-27,Vegas Golden Knights,VGK,#B4975A,/Images/golden knights.png,52.6%,19.7%,7.8%,2.9%,1.1%
31,2024-10-27,Washington Capitals,WSH,#041E42,/Images/capitals.png,79.0%,35.9%,16.9%,7.6%,3.5%
32,2024-10-27,Winnipeg Jets,WPG,#004C97,/Images/jets.png,91.4%,49.1%,24.6%,12.3%,6.3%
1,2024-11-03,Anaheim Ducks,ANA,#00685e,/Images/ducks.png,1.2%,0.2%,0.1%,0.02%,0.0%
2,2024-11-03,Boston Bruins,BOS,#FFB81C,/Images/bruins.png,47.7%,22.1%,10.0%,4.6%,2.0%
3,2024-11-03,Buffalo Sabres,BUF,#003087,/Images/sabres.png,13.2%,4.6%,1.6%,0.5%,0.2%
4,2024-11-03,Calgary Flames,CGY,#D2001C,/Images/flames.png,43.2%,15.7%,6.1%,2.3%,0.9%
5,2024-11-03,Carolina Hurricanes,CAR,#CE1126,/Images/canes.png,96.1%,58.4%,34.0%,19.9%,11.1%
6,2024-11-03,Chicago Blackhawks,CHI,#CF0A2C,/Images/blackhawks.png,6.2%,1.7%,0.5%,0.1%,0.04%
7,2024-11-03,Colorado Avalanche,COL,#6F263D,/Images/avalanche.png,45.7%,21.0%,9.8%,4.5%,2.1%
8,2024-11-03,Columbus Blue Jackets,CBJ,#002654,/Images/blue jackets.png,1.9%,0.4%,0.1%,0.01%,0.0%
9,2024-11-03,Dallas Stars,DAL,#006847,/Images/stars.png,84.5%,43.2%,21.5%,10.5%,5.2%
10,2024-11-03,Detroit Red Wings,DET,#ce1126,/Images/red wings.png,17.1%,6.0%,2.2%,0.8%,0.3%
11,2024-11-03,Edmonton Oilers,EDM,#FF4C00,/Images/oilers.png,81.6%,44.5%,23.8%,12.4%,6.5%
12,2024-11-03,Florida Panthers,FLA,#c8102E,/Images/panthers.png,94.9%,55.9%,30.6%,17.0%,9.1%
13,2024-11-03,Los Angeles Kings,LAK,#A2AAAD,/Images/kings.png,86.8%,48.9%,26.5%,14.0%,7.3%
14,2024-11-03,Minnesota Wild,MIN,#154734,/Images/wild.png,94.4%,54.0%,28.6%,15.4%,8.2%
15,2024-11-03,Montreal Canadiens,MTL,#AF1E2D,/Images/canadiens.png,1.9%,0.4%,0.1%,0.03%,0.0%
16,2024-11-03,Nashville Predators,NSH,#FFB81C,/Images/predators.png,34.2%,14.7%,6.5%,2.8%,1.2%
17,2024-11-03,New Jersey Devils,NJD,#CE1126,/Images/devils.png,77.1%,37.4%,18.9%,9.2%,4.4%
18,2024-11-03,New York Islanders,NYI,#00539b,/Images/islanders.png,47.3%,20.6%,9.4%,4.2%,1.9%
19,2024-11-03,New York Rangers,NYR,#0038A8,/Images/rangers.png,90.1%,47.4%,24.9%,12.8%,6.4%
20,2024-11-03,Ottawa Senators,OTT,#DA1A32,/Images/senators.png,56.8%,26.7%,12.2%,5.6%,2.5%
21,2024-11-03,Philadelphia Flyers,PHI,#F74902,/Images/flyers.png,11.1%,3.6%,1.2%,0.4%,0.1%
22,2024-11-03,Pittsburgh Penguins,PIT,#FCB514,/Images/penguins.png,7.5%,2.2%,0.7%,0.2%,0.1%
23,2024-11-03,San Jose Sharks,SJS,#006D75,/Images/sharks.png,0.3%,0.1%,0.01%,0.0%,0.0%
24,2024-11-03,Seattle Kraken,SEA,#68a2b9,/Images/kraken.png,23.5%,8.2%,3.2%,1.1%,0.4%
25,2024-11-03,St. Louis Blues,STL,#002F87,/Images/blues.png,18.6%,6.1%,2.0%,0.6%,0.2%
26,2024-11-03,Tampa Bay Lightning,TBL,#002868,/Images/lightning.png,75.7%,38.2%,18.4%,8.7%,4.1%
27,2024-11-03,Toronto Maple Leafs,TOR,#00205b,/Images/leafs.png,74.7%,36.6%,17.1%,7.9%,3.6%
28,2024-11-03,Utah Hockey Club,UTA,#5c88da,/Images/utah.png,33.2%,12.4%,4.8%,1.8%,0.6%
29,2024-11-03,Vancouver Canucks,VAN,#00205B,/Images/canucks.png,94.0%,56.8%,32.6%,18.3%,10.3%
30,2024-11-03,Vegas Golden Knights,VGK,#B4975A,/Images/golden knights.png,59.2%,22.0%,8.7%,3.3%,1.3%
31,2024-11-03,Washington Capitals,WSH,#041E42,/Images/capitals.png,86.7%,39.7%,18.7%,8.3%,3.6%
32,2024-11-03,Winnipeg Jets,WPG,#004C97,/Images/jets.png,93.4%,50.5%,25.6%,12.8%,6.4%
1,2024-11-10,Anaheim Ducks,ANA,#00685e,/Images/ducks.png,0.6%,0.1%,0.03%,0.00%,0.00%
2,2024-11-10,Boston Bruins,BOS,#FFB81C,/Images/bruins.png,59.7%,28.5%,15.3%,7.2%,4.2%
3,2024-11-10,Buffalo Sabres,BUF,#003087,/Images/sabres.png,17.4%,4.7%,1.7%,0.5%,0.2%
4,2024-11-10,Calgary Flames,CGY,#D2001C,/Images/flames.png,33.8%,10.6%,3.8%,1.2%,0.3%
5,2024-11-10,Carolina Hurricanes,CAR,#CE1126,/Images/canes.png,95.5%,56.1%,28.8%,15.5%,9.7%
6,2024-11-10,Chicago Blackhawks,CHI,#CF0A2C,/Images/blackhawks.png,1.8%,0.4%,0.1%,0.1%,0.01%
7,2024-11-10,Colorado Avalanche,COL,#6F263D,/Images/avalanche.png,47.6%,16.4%,6.3%,2.6%,0.8%
8,2024-11-10,Columbus Blue Jackets,CBJ,#002654,/Images/blue jackets.png,0.1%,0.02%,0.01%,0.00%,0.00%
9,2024-11-10,Dallas Stars,DAL,#006847,/Images/stars.png,95.6%,58.5%,32.8%,18.5%,8.3%
10,2024-11-10,Detroit Red Wings,DET,#ce1126,/Images/red wings.png,13.8%,3.9%,1.4%,0.4%,0.2%
11,2024-11-10,Edmonton Oilers,EDM,#FF4C00,/Images/oilers.png,65.5%,30.8%,14.8%,6.4%,2.2%
12,2024-11-10,Florida Panthers,FLA,#c8102E,/Images/panthers.png,97.8%,63.1%,37.4%,22.1%,14.3%
13,2024-11-10,Los Angeles Kings,LAK,#A2AAAD,/Images/kings.png,84.5%,48.6%,25.2%,12.5%,4.9%
14,2024-11-10,Minnesota Wild,MIN,#154734,/Images/wild.png,93.7%,42.9%,19.8%,8.7%,3.1%
15,2024-11-10,Montreal Canadiens,MTL,#AF1E2D,/Images/canadiens.png,0.3%,0.1%,0.01%,0.00%,0.00%
16,2024-11-10,Nashville Predators,NSH,#FFB81C,/Images/predators.png,39.0%,16.0%,7.6%,3.9%,1.4%
17,2024-11-10,New Jersey Devils,NJD,#CE1126,/Images/devils.png,91.2%,48.7%,23.2%,11.6%,7.1%
18,2024-11-10,New York Islanders,NYI,#00539b,/Images/islanders.png,53.2%,20.3%,8.2%,3.7%,1.8%
19,2024-11-10,New York Rangers,NYR,#0038A8,/Images/rangers.png,93.7%,51.9%,24.9%,12.8%,7.8%
20,2024-11-10,Ottawa Senators,OTT,#DA1A32,/Images/senators.png,49.9%,21.5%,10.6%,4.7%,2.5%
21,2024-11-10,Philadelphia Flyers,PHI,#F74902,/Images/flyers.png,2.1%,0.3%,0.1%,0.03%,0.01%
22,2024-11-10,Pittsburgh Penguins,PIT,#FCB514,/Images/penguins.png,4.5%,1.1%,0.4%,0.1%,0.04%
23,2024-11-10,San Jose Sharks,SJS,#006D75,/Images/sharks.png,0.01%,0.00%,0.00%,0.00%,0.00%
24,2024-11-10,Seattle Kraken,SEA,#68a2b9,/Images/kraken.png,22.2%,7.9%,3.1%,1.1%,0.3%
25,2024-11-10,St. Louis Blues,STL,#002F87,/Images/blues.png,19.9%,5.5%,1.9%,0.7%,0.2%
26,2024-11-10,Tampa Bay Lightning,TBL,#002868,/Images/lightning.png,57.0%,25.7%,13.1%,5.9%,3.4%
27,2024-11-10,Toronto Maple Leafs,TOR,#00205b,/Images/leafs.png,87.6%,48.2%,26.2%,12.3%,7.4%
28,2024-11-10,Utah Hockey Club,UTA,#5c88da,/Images/utah.png,32.9%,11.1%,4.4%,1.8%,0.6%
29,2024-11-10,Vancouver Canucks,VAN,#00205B,/Images/canucks.png,93.7%,59.6%,31.6%,17.3%,7.3%
30,2024-11-10,Vegas Golden Knights,VGK,#B4975A,/Images/golden knights.png,70.2%,28.5%,12.1%,4.4%,1.2%
31,2024-11-10,Washington Capitals,WSH,#041E42,/Images/capitals.png,76.2%,26.0%,8.9%,3.3%,1.5%
32,2024-11-10,Winnipeg Jets,WPG,#004C97,/Images/jets.png,99.2%,63.2%,36.4%,20.9%,9.3%
1,2024-11-17,Anaheim Ducks,ANA,#00685e,/Images/ducks.png,1.3%,0.3%,0.1%,0.02%,0.00%
2,2024-11-17,Boston Bruins,BOS,#FFB81C,/Images/bruins.png,53.7%,26.6%,13.1%,6.2%,3.2%
3,2024-11-17,Buffalo Sabres,BUF,#003087,/Images/sabres.png,12.5%,4.1%,1.4%,0.5%,0.2%
4,2024-11-17,Calgary Flames,CGY,#D2001C,/Images/flames.png,29.2%,8.7%,2.7%,0.8%,0.2%
5,2024-11-17,Carolina Hurricanes,CAR,#CE1126,/Images/canes.png,93.7%,55.4%,31.9%,18.2%,10.7%
6,2024-11-17,Chicago Blackhawks,CHI,#CF0A2C,/Images/blackhawks.png,1.6%,0.5%,0.1%,0.04%,0.01%
7,2024-11-17,Colorado Avalanche,COL,#6F263D,/Images/avalanche.png,54.0%,21.7%,9.3%,3.9%,1.5%
8,2024-11-17,Columbus Blue Jackets,CBJ,#002654,/Images/blue jackets.png,0.3%,0.04%,0.01%,0.00%,0.00%
9,2024-11-17,Dallas Stars,DAL,#006847,/Images/stars.png,95.0%,53.2%,29.1%,15.6%,7.6%
10,2024-11-17,Detroit Red Wings,DET,#ce1126,/Images/red wings.png,5.4%,1.4%,0.4%,0.1%,0.03%
11,2024-11-17,Edmonton Oilers,EDM,#FF4C00,/Images/oilers.png,82.6%,44.9%,22.6%,11.3%,5.2%
12,2024-11-17,Florida Panthers,FLA,#c8102E,/Images/panthers.png,95.6%,56.3%,30.9%,17.4%,10.2%
13,2024-11-17,Los Angeles Kings,LAK,#A2AAAD,/Images/kings.png,82.0%,45.3%,23.5%,12.2%,5.7%
14,2024-11-17,Minnesota Wild,MIN,#154734,/Images/wild.png,93.7%,47.0%,23.9%,11.8%,5.2%
15,2024-11-17,Montreal Canadiens,MTL,#AF1E2D,/Images/canadiens.png,0.5%,0.1%,0.03%,0.01%,0.00%
16,2024-11-17,Nashville Predators,NSH,#FFB81C,/Images/predators.png,26.3%,11.8%,5.6%,2.6%,1.1%
17,2024-11-17,New Jersey Devils,NJD,#CE1126,/Images/devils.png,90.2%,48.9%,26.1%,13.6%,7.7%
18,2024-11-17,New York Islanders,NYI,#00539b,/Images/islanders.png,50.1%,22.0%,10.0%,4.6%,2.3%
19,2024-11-17,New York Rangers,NYR,#0038A8,/Images/rangers.png,88.6%,45.8%,23.1%,11.4%,6.1%
20,2024-11-17,Ottawa Senators,OTT,#DA1A32,/Images/senators.png,47.4%,20.8%,9.2%,4.0%,1.9%
21,2024-11-17,Philadelphia Flyers,PHI,#F74902,/Images/flyers.png,18.2%,6.0%,2.1%,0.7%,0.3%
22,2024-11-17,Pittsburgh Penguins,PIT,#FCB514,/Images/penguins.png,3.0%,0.9%,0.3%,0.1%,0.02%
23,2024-11-17,San Jose Sharks,SJS,#006D75,/Images/sharks.png,0.2%,0.04%,0.00%,0.00%,0.00%
24,2024-11-17,Seattle Kraken,SEA,#68a2b9,/Images/kraken.png,29.8%,11.0%,4.2%,1.6%,0.5%
25,2024-11-17,St. Louis Blues,STL,#002F87,/Images/blues.png,11.8%,3.5%,1.2%,0.4%,0.1%
26,2024-11-17,Tampa Bay Lightning,TBL,#002868,/Images/lightning.png,72.6%,35.9%,17.3%,8.1%,4.2%
27,2024-11-17,Toronto Maple Leafs,TOR,#00205b,/Images/leafs.png,84.0%,41.5%,19.8%,9.3%,4.8%
28,2024-11-17,Utah Hockey Club,UTA,#5c88da,/Images/utah.png,30.7%,11.6%,4.7%,1.9%,0.7%
29,2024-11-17,Vancouver Canucks,VAN,#00205B,/Images/canucks.png,90.9%,53.1%,28.6%,15.4%,7.5%
30,2024-11-17,Vegas Golden Knights,VGK,#B4975A,/Images/golden knights.png,72.3%,29.6%,11.9%,4.7%,1.7%
31,2024-11-17,Washington Capitals,WSH,#041E42,/Images/capitals.png,84.4%,34.3%,14.4%,5.8%,2.6%
32,2024-11-17,Winnipeg Jets,WPG,#004C97,/Images/jets.png,98.6%,57.9%,32.5%,17.8%,8.8%
1,2024-11-25,Anaheim Ducks,ANA,#00685e,/Images/ducks.png,2.0%,0.5%,0.1%,0.03%,0.01%
2,2024-11-25,Boston Bruins,BOS,#FFB81C,/Images/bruins.png,41.8%,18.3%,8.1%,3.5%,1.7%
3,2024-11-25,Buffalo Sabres,BUF,#003087,/Images/sabres.png,35.8%,14.1%,5.6%,2.1%,0.9%
4,2024-11-25,Calgary Flames,CGY,#D2001C,/Images/flames.png,54.9%,20.4%,7.4%,2.7%,0.9%
5,2024-11-25,Carolina Hurricanes,CAR,#CE1126,/Images/canes.png,95.8%,56.7%,32.9%,19.2%,11.4%
6,2024-11-25,Chicago Blackhawks,CHI,#CF0A2C,/Images/blackhawks.png,1.2%,0.4%,0.1%,0.02%,0.01%
7,2024-11-25,Colorado Avalanche,COL,#6F263D,/Images/avalanche.png,70.7%,29.3%,13.2%,5.7%,2.2%
8,2024-11-25,Columbus Blue Jackets,CBJ,#002654,/Images/blue jackets.png,0.9%,0.1%,0.02%,0.00%,0.00%
9,2024-11-25,Dallas Stars,DAL,#006847,/Images/stars.png,94.8%,51.9%,28.9%,15.5%,7.5%
10,2024-11-25,Detroit Red Wings,DET,#ce1126,/Images/red wings.png,6.3%,1.8%,0.5%,0.2%,0.1%
11,2024-11-25,Edmonton Oilers,EDM,#FF4C00,/Images/oilers.png,73.3%,37.8%,18.5%,8.9%,4.0%
12,2024-11-25,Florida Panthers,FLA,#c8102E,/Images/panthers.png,90.6%,53.7%,29.3%,16.4%,9.6%
13,2024-11-25,Los Angeles Kings,LAK,#A2AAAD,/Images/kings.png,78.9%,44.6%,23.1%,12.2%,5.7%
14,2024-11-25,Minnesota Wild,MIN,#154734,/Images/wild.png,96.0%,49.7%,26.2%,13.3%,6.1%
15,2024-11-25,Montreal Canadiens,MTL,#AF1E2D,/Images/canadiens.png,0.6%,0.1%,0.03%,0.01%,0.00%
16,2024-11-25,Nashville Predators,NSH,#FFB81C,/Images/predators.png,26.3%,11.9%,5.7%,2.7%,1.1%
17,2024-11-25,New Jersey Devils,NJD,#CE1126,/Images/devils.png,93.4%,48.9%,25.6%,13.0%,7.2%
18,2024-11-25,New York Islanders,NYI,#00539b,/Images/islanders.png,48.4%,21.5%,9.8%,4.5%,2.2%
19,2024-11-25,New York Rangers,NYR,#0038A8,/Images/rangers.png,89.3%,45.0%,23.0%,11.4%,6.1%
20,2024-11-25,Ottawa Senators,OTT,#DA1A32,/Images/senators.png,35.1%,16.3%,7.6%,3.4%,1.7%
21,2024-11-25,Philadelphia Flyers,PHI,#F74902,/Images/flyers.png,14.1%,4.5%,1.6%,0.5%,0.2%
22,2024-11-25,Pittsburgh Penguins,PIT,#FCB514,/Images/penguins.png,1.6%,0.5%,0.1%,0.1%,0.01%
23,2024-11-25,San Jose Sharks,SJS,#006D75,/Images/sharks.png,0.1%,0.03%,0.01%,0.00%,0.00%
24,2024-11-25,Seattle Kraken,SEA,#68a2b9,/Images/kraken.png,22.0%,8.3%,3.1%,1.1%,0.4%
25,2024-11-25,St. Louis Blues,STL,#002F87,/Images/blues.png,6.8%,2.0%,0.6%,0.2%,0.1%
26,2024-11-25,Tampa Bay Lightning,TBL,#002868,/Images/lightning.png,70.3%,35.6%,17.4%,8.5%,4.5%
27,2024-11-25,Toronto Maple Leafs,TOR,#00205b,/Images/leafs.png,88.1%,43.5%,20.1%,9.1%,4.7%
28,2024-11-25,Utah Hockey Club,UTA,#5c88da,/Images/utah.png,15.0%,5.4%,2.1%,0.8%,0.3%
29,2024-11-25,Vancouver Canucks,VAN,#00205B,/Images/canucks.png,89.4%,51.9%,27.3%,14.6%,7.0%
30,2024-11-25,Vegas Golden Knights,VGK,#B4975A,/Images/golden knights.png,69.9%,29.0%,11.8%,4.8%,1.7%
31,2024-11-25,Washington Capitals,WSH,#041E42,/Images/capitals.png,87.9%,39.5%,18.2%,8.3%,4.1%
32,2024-11-25,Winnipeg Jets,WPG,#004C97,/Images/jets.png,98.8%,57.0%,31.9%,17.6%,8.8%
1,2024-12-01,Anaheim Ducks,ANA,#00685e,/Images/ducks.png,1.5%,0.4%,0.1%,0.02%,0.01%
2,2024-12-01,Boston Bruins,BOS,#FFB81C,/Images/bruins.png,36.5%,16.2%,7.3%,3.2%,1.5%
3,2024-12-01,Buffalo Sabres,BUF,#003087,/Images/sabres.png,24.9%,9.5%,3.7%,1.3%,0.5%
4,2024-12-01,Calgary Flames,CGY,#D2001C,/Images/flames.png,37.1%,13.3%,4.9%,1.8%,0.6%
5,2024-12-01,Carolina Hurricanes,CAR,#CE1126,/Images/canes.png,95.3%,54.7%,30.6%,17.0%,9.9%
6,2024-12-01,Chicago Blackhawks,CHI,#CF0A2C,/Images/blackhawks.png,1.0%,0.3%,0.1%,0.02%,0.01%
7,2024-12-01,Colorado Avalanche,COL,#6F263D,/Images/avalanche.png,57.3%,23.4%,10.2%,4.3%,1.7%
8,2024-12-01,Columbus Blue Jackets,CBJ,#002654,/Images/blue jackets.png,1.1%,0.2%,0.04%,0.01%,0.00%
9,2024-12-01,Dallas Stars,DAL,#006847,/Images/stars.png,93.4%,50.4%,28.0%,15.2%,7.4%
10,2024-12-01,Detroit Red Wings,DET,#ce1126,/Images/red wings.png,12.2%,4.0%,1.3%,0.4%,0.1%
11,2024-12-01,Edmonton Oilers,EDM,#FF4C00,/Images/oilers.png,82.1%,41.8%,20.4%,9.9%,4.5%
12,2024-12-01,Florida Panthers,FLA,#c8102E,/Images/panthers.png,94.6%,56.2%,31.5%,17.8%,10.4%
13,2024-12-01,Los Angeles Kings,LAK,#A2AAAD,/Images/kings.png,88.0%,48.2%,24.3%,12.4%,5.7%
14,2024-12-01,Minnesota Wild,MIN,#154734,/Images/wild.png,97.7%,51.2%,26.6%,13.4%,6.2%
15,2024-12-01,Montreal Canadiens,MTL,#AF1E2D,/Images/canadiens.png,0.7%,0.2%,0.04%,0.01%,0.00%
16,2024-12-01,Nashville Predators,NSH,#FFB81C,/Images/predators.png,19.4%,8.9%,4.5%,2.2%,1.0%
17,2024-12-01,New Jersey Devils,NJD,#CE1126,/Images/devils.png,92.2%,48.4%,25.2%,13.0%,7.2%
18,2024-12-01,New York Islanders,NYI,#00539b,/Images/islanders.png,38.4%,16.6%,7.4%,3.3%,1.6%
19,2024-12-01,New York Rangers,NYR,#0038A8,/Images/rangers.png,82.8%,42.1%,21.7%,11.0%,6.0%
20,2024-12-01,Ottawa Senators,OTT,#DA1A32,/Images/senators.png,38.6%,17.9%,8.3%,3.8%,1.9%
21,2024-12-01,Philadelphia Flyers,PHI,#F74902,/Images/flyers.png,22.6%,7.3%,2.5%,0.8%,0.3%
22,2024-12-01,Pittsburgh Penguins,PIT,#FCB514,/Images/penguins.png,4.1%,1.2%,0.3%,0.1%,0.03%
23,2024-12-01,San Jose Sharks,SJS,#006D75,/Images/sharks.png,0.3%,0.04%,0.01%,0.00%,0.00%
24,2024-12-01,Seattle Kraken,SEA,#68a2b9,/Images/kraken.png,12.7%,4.7%,1.7%,0.6%,0.2%
25,2024-12-01,St. Louis Blues,STL,#002F87,/Images/blues.png,12.1%,3.6%,1.2%,0.4%,0.1%
26,2024-12-01,Tampa Bay Lightning,TBL,#002868,/Images/lightning.png,69.0%,34.7%,17.4%,8.5%,4.5%
27,2024-12-01,Toronto Maple Leafs,TOR,#00205b,/Images/leafs.png,91.3%,45.8%,21.7%,10.1%,5.1%
28,2024-12-01,Utah Hockey Club,UTA,#5c88da,/Images/utah.png,29.6%,11.2%,4.5%,1.8%,0.6%
29,2024-12-01,Vancouver Canucks,VAN,#00205B,/Images/canucks.png,92.2%,53.8%,28.6%,15.3%,7.4%
30,2024-12-01,Vegas Golden Knights,VGK,#B4975A,/Images/golden knights.png,77.0%,31.8%,12.9%,5.2%,1.9%
31,2024-12-01,Washington Capitals,WSH,#041E42,/Images/capitals.png,95.8%,45.3%,21.2%,9.7%,4.8%
32,2024-12-01,Winnipeg Jets,WPG,#004C97,/Images/jets.png,98.6%,57.1%,32.0%,17.8%,8.9%
1,2024-12-08,Anaheim Ducks,ANA,#00685e,/Images/ducks.png,0.9%,0.2%,0.1%,0.01%,0.00%
2,2024-12-08,Boston Bruins,BOS,#FFB81C,/Images/bruins.png,51.4%,23.0%,10.2%,4.5%,2.1%
3,2024-12-08,Buffalo Sabres,BUF,#003087,/Images/sabres.png,17.1%,6.8%,2.7%,1.0%,0.4%
4,2024-12-08,Calgary Flames,CGY,#D2001C,/Images/flames.png,37.3%,13.4%,4.9%,1.7%,0.6%
5,2024-12-08,Carolina Hurricanes,CAR,#CE1126,/Images/canes.png,93.1%,52.7%,29.5%,16.3%,9.6%
6,2024-12-08,Chicago Blackhawks,CHI,#CF0A2C,/Images/blackhawks.png,0.5%,0.2%,0.1%,0.02%,0.01%
7,2024-12-08,Colorado Avalanche,COL,#6F263D,/Images/avalanche.png,52.5%,21.8%,9.5%,4.1%,1.6%
8,2024-12-08,Columbus Blue Jackets,CBJ,#002654,/Images/blue jackets.png,0.7%,0.1%,0.02%,0.01%,0.00%
9,2024-12-08,Dallas Stars,DAL,#006847,/Images/stars.png,93.2%,50.9%,28.1%,15.2%,7.7%
10,2024-12-08,Detroit Red Wings,DET,#ce1126,/Images/red wings.png,4.9%,1.6%,0.5%,0.2%,0.1%
11,2024-12-08,Edmonton Oilers,EDM,#FF4C00,/Images/oilers.png,81.5%,41.3%,20.1%,9.8%,4.3%
12,2024-12-08,Florida Panthers,FLA,#c8102E,/Images/panthers.png,96.0%,57.0%,32.0%,18.1%,10.5%
13,2024-12-08,Los Angeles Kings,LAK,#A2AAAD,/Images/kings.png,91.6%,50.5%,25.7%,13.2%,6.2%
14,2024-12-08,Minnesota Wild,MIN,#154734,/Images/wild.png,97.9%,50.8%,26.5%,13.2%,6.2%
15,2024-12-08,Montreal Canadiens,MTL,#AF1E2D,/Images/canadiens.png,0.6%,0.1%,0.02%,0.01%,0.00%
16,2024-12-08,Nashville Predators,NSH,#FFB81C,/Images/predators.png,11.4%,5.2%,2.6%,1.2%,0.5%
17,2024-12-08,New Jersey Devils,NJD,#CE1126,/Images/devils.png,95.2%,50.0%,26.0%,13.4%,7.4%
18,2024-12-08,New York Islanders,NYI,#00539b,/Images/islanders.png,33.7%,14.8%,6.8%,3.1%,1.5%
19,2024-12-08,New York Rangers,NYR,#0038A8,/Images/rangers.png,81.8%,40.8%,20.9%,10.5%,5.7%
20,2024-12-08,Ottawa Senators,OTT,#DA1A32,/Images/senators.png,45.0%,20.7%,9.7%,4.3%,2.1%
21,2024-12-08,Philadelphia Flyers,PHI,#F74902,/Images/flyers.png,19.6%,6.4%,2.2%,0.8%,0.3%
22,2024-12-08,Pittsburgh Penguins,PIT,#FCB514,/Images/penguins.png,5.2%,1.5%,0.5%,0.2%,0.1%
23,2024-12-08,San Jose Sharks,SJS,#006D75,/Images/sharks.png,0.3%,0.1%,0.02%,0.01%,0.00%
24,2024-12-08,Seattle Kraken,SEA,#68a2b9,/Images/kraken.png,15.4%,5.7%,2.3%,0.8%,0.3%
25,2024-12-08,St. Louis Blues,STL,#002F87,/Images/blues.png,14.1%,4.5%,1.5%,0.5%,0.1%
26,2024-12-08,Tampa Bay Lightning,TBL,#002868,/Images/lightning.png,68.9%,34.7%,17.2%,8.5%,4.5%
27,2024-12-08,Toronto Maple Leafs,TOR,#00205b,/Images/leafs.png,89.6%,43.8%,20.8%,9.6%,4.8%
28,2024-12-08,Utah Hockey Club,UTA,#5c88da,/Images/utah.png,27.9%,10.6%,4.5%,1.8%,0.7%
29,2024-12-08,Vancouver Canucks,VAN,#00205B,/Images/canucks.png,91.1%,52.9%,28.3%,15.4%,7.4%
30,2024-12-08,Vegas Golden Knights,VGK,#B4975A,/Images/golden knights.png,85.9%,35.6%,14.3%,5.8%,2.2%
31,2024-12-08,Washington Capitals,WSH,#041E42,/Images/capitals.png,97.2%,45.9%,21.2%,9.6%,4.7%
32,2024-12-08,Winnipeg Jets,WPG,#004C97,/Images/jets.png,98.3%,56.4%,31.6%,17.3%,8.6%
1,2024-12-15,Anaheim Ducks,ANA,#00685e,/Images/ducks.png,0.4%,0.1%,0.02%,0.01%,0.0%
2,2024-12-15,Boston Bruins,BOS,#FFB81C,/Images/bruins.png,54.3%,25.3%,11.6%,5.2%,2.3%
3,2024-12-15,Buffalo Sabres,BUF,#003087,/Images/sabres.png,5.9%,2.1%,0.8%,0.3%,0.1%
4,2024-12-15,Calgary Flames,CGY,#D2001C,/Images/flames.png,29.2%,10.0%,3.6%,1.2%,0.4%
5,2024-12-15,Carolina Hurricanes,CAR,#CE1126,/Images/canes.png,93.0%,55.6%,32.8%,19.4%,11.0%
6,2024-12-15,Chicago Blackhawks,CHI,#CF0A2C,/Images/blackhawks.png,0.3%,0.1%,0.02%,0.0%,0.0%
7,2024-12-15,Colorado Avalanche,COL,#6F263D,/Images/avalanche.png,66.0%,30.5%,14.4%,6.8%,3.1%
8,2024-12-15,Columbus Blue Jackets,CBJ,#002654,/Images/blue jackets.png,1.4%,0.3%,0.1%,0.01%,0.0%
9,2024-12-15,Dallas Stars,DAL,#006847,/Images/stars.png,88.8%,46.1%,23.5%,12.1%,6.1%
10,2024-12-15,Detroit Red Wings,DET,#ce1126,/Images/red wings.png,9.3%,3.4%,1.2%,0.4%,0.1%
11,2024-12-15,Edmonton Oilers,EDM,#FF4C00,/Images/oilers.png,92.0%,49.4%,25.8%,13.1%,6.7%
12,2024-12-15,Florida Panthers,FLA,#c8102E,/Images/panthers.png,94.4%,55.3%,30.7%,17.2%,9.4%
13,2024-12-15,Los Angeles Kings,LAK,#A2AAAD,/Images/kings.png,91.7%,49.3%,25.8%,13.1%,6.8%
14,2024-12-15,Minnesota Wild,MIN,#154734,/Images/wild.png,98.3%,54.3%,28.2%,14.7%,7.5%
15,2024-12-15,Montreal Canadiens,MTL,#AF1E2D,/Images/canadiens.png,0.6%,0.1%,0.03%,0.01%,0.0%
16,2024-12-15,Nashville Predators,NSH,#FFB81C,/Images/predators.png,4.4%,2.0%,0.9%,0.4%,0.2%
17,2024-12-15,New Jersey Devils,NJD,#CE1126,/Images/devils.png,94.9%,46.8%,23.6%,11.5%,5.6%
18,2024-12-15,New York Islanders,NYI,#00539b,/Images/islanders.png,37.5%,16.7%,7.7%,3.4%,1.5%
19,2024-12-15,New York Rangers,NYR,#0038A8,/Images/rangers.png,68.1%,33.7%,17.3%,8.7%,4.2%
20,2024-12-15,Ottawa Senators,OTT,#DA1A32,/Images/senators.png,51.8%,23.8%,10.8%,4.8%,2.2%
21,2024-12-15,Philadelphia Flyers,PHI,#F74902,/Images/flyers.png,19.0%,6.5%,2.4%,0.8%,0.2%
22,2024-12-15,Pittsburgh Penguins,PIT,#FCB514,/Images/penguins.png,3.5%,0.9%,0.3%,0.1%,0.02%
23,2024-12-15,San Jose Sharks,SJS,#006D75,/Images/sharks.png,0.1%,0.02%,0.0%,0.0%,0.0%
24,2024-12-15,Seattle Kraken,SEA,#68a2b9,/Images/kraken.png,12.2%,4.3%,1.6%,0.6%,0.2%
25,2024-12-15,St. Louis Blues,STL,#002F87,/Images/blues.png,11.8%,3.9%,1.3%,0.4%,0.1%
26,2024-12-15,Tampa Bay Lightning,TBL,#002868,/Images/lightning.png,76.8%,37.5%,17.9%,8.5%,4.0%
27,2024-12-15,Toronto Maple Leafs,TOR,#00205b,/Images/leafs.png,91.1%,44.7%,20.8%,9.5%,4.3%
28,2024-12-15,Utah Hockey Club,UTA,#5c88da,/Images/utah.png,36.9%,14.2%,5.7%,2.2%,0.9%
29,2024-12-15,Vancouver Canucks,VAN,#00205B,/Images/canucks.png,91.8%,54.9%,31.4%,17.9%,9.9%
30,2024-12-15,Vegas Golden Knights,VGK,#B4975A,/Images/golden knights.png,80.8%,30.7%,12.2%,4.6%,1.8%
31,2024-12-15,Washington Capitals,WSH,#041E42,/Images/capitals.png,98.5%,47.2%,22.3%,10.2%,4.6%
32,2024-12-15,Winnipeg Jets,WPG,#004C97,/Images/jets.png,95.2%,50.5%,25.7%,13.1%,6.6%
1,2024-12-22,Anaheim Ducks,ANA,#00685e,/Images/ducks.png,0.3%,0.1%,0.02%,0.01%,0%
2,2024-12-22,Boston Bruins,BOS,#FFB81C,/Images/bruins.png,58.4%,26.7%,12.3%,5.6%,2.5%
3,2024-12-22,Buffalo Sabres,BUF,#003087,/Images/sabres.png,2.1%,0.8%,0.3%,0.1%,0.04%
4,2024-12-22,Calgary Flames,CGY,#D2001C,/Images/flames.png,27.2%,9.3%,3.3%,1.1%,0.4%
5,2024-12-22,Carolina Hurricanes,CAR,#CE1126,/Images/canes.png,94.5%,57.0%,33.7%,19.8%,11.3%
6,2024-12-22,Chicago Blackhawks,CHI,#CF0A2C,/Images/blackhawks.png,0.8%,0.2%,0.07%,0.01%,0%
7,2024-12-22,Colorado Avalanche,COL,#6F263D,/Images/avalanche.png,67.7%,31.7%,14.9%,6.9%,3.3%
8,2024-12-22,Columbus Blue Jackets,CBJ,#002654,/Images/blue jackets.png,0.9%,0.2%,0.03%,0.01%,0%
9,2024-12-22,Dallas Stars,DAL,#006847,/Images/stars.png,84.4%,44.2%,22.6%,11.4%,5.7%
10,2024-12-22,Detroit Red Wings,DET,#ce1126,/Images/red wings.png,8.1%,2.8%,1.0%,0.4%,0.1%
11,2024-12-22,Edmonton Oilers,EDM,#FF4C00,/Images/oilers.png,91.1%,48.6%,25.3%,13.1%,6.7%
12,2024-12-22,Florida Panthers,FLA,#c8102E,/Images/panthers.png,97.6%,57.4%,31.8%,17.7%,9.6%
13,2024-12-22,Los Angeles Kings,LAK,#A2AAAD,/Images/kings.png,92.6%,49.8%,26.1%,13.4%,6.8%
14,2024-12-22,Minnesota Wild,MIN,#154734,/Images/wild.png,94.6%,51.4%,26.7%,13.7%,7.1%
15,2024-12-22,Montreal Canadiens,MTL,#AF1E2D,/Images/canadiens.png,1.2%,0.3%,0.1%,0.02%,0%
16,2024-12-22,Nashville Predators,NSH,#FFB81C,/Images/predators.png,4.4%,1.9%,0.8%,0.4%,0.1%
17,2024-12-22,New Jersey Devils,NJD,#CE1126,/Images/devils.png,94.6%,46.3%,23.1%,11.2%,5.4%
18,2024-12-22,New York Islanders,NYI,#00539b,/Images/islanders.png,25.4%,11.1%,5.0%,2.2%,1.0%
19,2024-12-22,New York Rangers,NYR,#0038A8,/Images/rangers.png,61.9%,30.4%,15.5%,7.7%,3.7%
20,2024-12-22,Ottawa Senators,OTT,#DA1A32,/Images/senators.png,61.7%,28.1%,12.8%,5.7%,2.5%
21,2024-12-22,Philadelphia Flyers,PHI,#F74902,/Images/flyers.png,11.6%,3.9%,1.4%,0.5%,0.1%
22,2024-12-22,Pittsburgh Penguins,PIT,#FCB514,/Images/penguins.png,7.2%,1.9%,0.5%,0.1%,0.0%
23,2024-12-22,San Jose Sharks,SJS,#006D75,/Images/sharks.png,0.03%,0.01%,0%,0%,0%
24,2024-12-22,Seattle Kraken,SEA,#68a2b9,/Images/kraken.png,6.4%,2.2%,0.8%,0.3%,0.1%
25,2024-12-22,St. Louis Blues,STL,#002F87,/Images/blues.png,8.6%,2.9%,1.0%,0.3%,0.1%
26,2024-12-22,Tampa Bay Lightning,TBL,#002868,/Images/lightning.png,81.8%,40.2%,19.2%,9.2%,4.3%
27,2024-12-22,Toronto Maple Leafs,TOR,#00205b,/Images/leafs.png,95.0%,46.4%,21.5%,9.8%,4.4%
28,2024-12-22,Utah Hockey Club,UTA,#5c88da,/Images/utah.png,48.6%,19.0%,7.5%,2.9%,1.2%
29,2024-12-22,Vancouver Canucks,VAN,#00205B,/Images/canucks.png,91.7%,55.6%,32.4%,18.7%,10.5%
30,2024-12-22,Vegas Golden Knights,VGK,#B4975A,/Images/golden knights.png,87.9%,33.3%,13.2%,5.0%,1.9%
31,2024-12-22,Washington Capitals,WSH,#041E42,/Images/capitals.png,97.9%,46.6%,21.8%,9.9%,4.5%
32,2024-12-22,Winnipeg Jets,WPG,#004C97,/Images/jets.png,93.9%,49.8%,25.2%,12.8%,6.5%
1,2024-12-29,Anaheim Ducks,ANA,#00685e,/Images/ducks.png,0.1%,0%,0%,0%,0%
2,2024-12-29,Boston Bruins,BOS,#FFB81C,/Images/bruins.png,69.9%,32.4%,14.8%,6.6%,3.0%
3,2024-12-29,Buffalo Sabres,BUF,#003087,/Images/sabres.png,2.9%,1.0%,0.4%,0.1%,0%
4,2024-12-29,Calgary Flames,CGY,#D2001C,/Images/flames.png,32.3%,11.2%,4.0%,1.4%,0.5%
5,2024-12-29,Carolina Hurricanes,CAR,#CE1126,/Images/canes.png,95.3%,57.3%,33.5%,19.9%,11.2%
6,2024-12-29,Chicago Blackhawks,CHI,#CF0A2C,/Images/blackhawks.png,0.1%,0%,0%,0%,0%
7,2024-12-29,Colorado Avalanche,COL,#6F263D,/Images/avalanche.png,68.8%,30.1%,13.3%,5.7%,2.5%
8,2024-12-29,Columbus Blue Jackets,CBJ,#002654,/Images/blue jackets.png,1.6%,0.3%,0.1%,0%,0%
9,2024-12-29,Dallas Stars,DAL,#006847,/Images/stars.png,85.5%,44.4%,22.4%,11.5%,5.8%
10,2024-12-29,Detroit Red Wings,DET,#ce1126,/Images/red wings.png,3.2%,1.2%,0.4%,0.1%,0.1%
11,2024-12-29,Edmonton Oilers,EDM,#FF4C00,/Images/oilers.png,93.3%,49.7%,26.0%,13.2%,6.9%
12,2024-12-29,Florida Panthers,FLA,#c8102E,/Images/panthers.png,97.0%,56.9%,31.5%,17.5%,9.5%
13,2024-12-29,Los Angeles Kings,LAK,#A2AAAD,/Images/kings.png,91.0%,48.2%,25.5%,12.9%,6.7%
14,2024-12-29,Minnesota Wild,MIN,#154734,/Images/wild.png,95.1%,51.6%,26.6%,13.8%,7.0%
15,2024-12-29,Montreal Canadiens,MTL,#AF1E2D,/Images/canadiens.png,1.6%,0.4%,0.1%,0%,0%
16,2024-12-29,Nashville Predators,NSH,#FFB81C,/Images/predators.png,5.7%,2.6%,1.2%,0.6%,0.3%
17,2024-12-29,New Jersey Devils,NJD,#CE1126,/Images/devils.png,97.5%,47.8%,24.3%,11.9%,5.7%
18,2024-12-29,New York Islanders,NYI,#00539b,/Images/islanders.png,30.0%,13.4%,6.2%,2.7%,1.2%
19,2024-12-29,New York Rangers,NYR,#0038A8,/Images/rangers.png,43.9%,21.6%,10.9%,5.5%,2.6%
20,2024-12-29,Ottawa Senators,OTT,#DA1A32,/Images/senators.png,55.9%,25.4%,11.5%,5.2%,2.4%
21,2024-12-29,Philadelphia Flyers,PHI,#F74902,/Images/flyers.png,14.1%,4.8%,1.7%,0.6%,0.2%
22,2024-12-29,Pittsburgh Penguins,PIT,#FCB514,/Images/penguins.png,6.3%,1.7%,0.5%,0.1%,0.0%
23,2024-12-29,San Jose Sharks,SJS,#006D75,/Images/sharks.png,0%,0%,0%,0%,0%
24,2024-12-29,Seattle Kraken,SEA,#68a2b9,/Images/kraken.png,3.8%,1.4%,0.5%,0.2%,0.1%
25,2024-12-29,St. Louis Blues,STL,#002F87,/Images/blues.png,11.7%,3.8%,1.3%,0.4%,0.1%
26,2024-12-29,Tampa Bay Lightning,TBL,#002868,/Images/lightning.png,90.0%,44.8%,21.5%,10.2%,4.8%
27,2024-12-29,Toronto Maple Leafs,TOR,#00205b,/Images/leafs.png,92.2%,44.4%,20.6%,9.4%,4.2%
28,2024-12-29,Utah Hockey Club,UTA,#5c88da,/Images/utah.png,30.2%,11.9%,4.7%,1.8%,0.7%
29,2024-12-29,Vancouver Canucks,VAN,#00205B,/Images/canucks.png,91.6%,55.8%,33.2%,19.6%,11.3%
30,2024-12-29,Vegas Golden Knights,VGK,#B4975A,/Images/golden knights.png,93.6%,36.9%,15.0%,5.7%,2.2%
31,2024-12-29,Washington Capitals,WSH,#041E42,/Images/capitals.png,98.8%,46.8%,22.2%,10.1%,4.6%
32,2024-12-29,Winnipeg Jets,WPG,#004C97,/Images/jets.png,97.2%,52.3%,26.6%,13.4%,6.7%
1,2025-01-05,Anaheim Ducks,ANA,#00685e,/Images/ducks.png,0.3%,0.1%,0%,0%,0%
2,2025-01-05,Boston Bruins,BOS,#FFB81C,/Images/bruins.png,60.8%,28.6%,13.5%,6.4%,2.9%
3,2025-01-05,Buffalo Sabres,BUF,#003087,/Images/sabres.png,1.7%,0.6%,0.2%,0.1%,0%
4,2025-01-05,Calgary Flames,CGY,#D2001C,/Images/flames.png,20.3%,7.4%,2.7%,1.0%,0.3%
5,2025-01-05,Carolina Hurricanes,CAR,#CE1126,/Images/canes.png,96.9%,56.4%,32.4%,18.7%,10.4%
6,2025-01-05,Chicago Blackhawks,CHI,#CF0A2C,/Images/blackhawks.png,0%,0%,0%,0%,0%
7,2025-01-05,Colorado Avalanche,COL,#6F263D,/Images/avalanche.png,84.8%,42.1%,21.0%,10.4%,5.2%
8,2025-01-05,Columbus Blue Jackets,CBJ,#002654,/Images/blue jackets.png,3.3%,0.7%,0.2%,0%,0%
9,2025-01-05,Dallas Stars,DAL,#006847,/Images/stars.png,94.2%,49.6%,26.0%,13.5%,7.1%
10,2025-01-05,Detroit Red Wings,DET,#ce1126,/Images/red wings.png,15.6%,5.7%,2.2%,0.8%,0.3%
11,2025-01-05,Edmonton Oilers,EDM,#FF4C00,/Images/oilers.png,95.2%,52.3%,27.6%,14.6%,7.8%
12,2025-01-05,Florida Panthers,FLA,#c8102E,/Images/panthers.png,97.1%,53.6%,27.7%,14.3%,7.2%
13,2025-01-05,Los Angeles Kings,LAK,#A2AAAD,/Images/kings.png,96.6%,52.7%,27.9%,14.7%,7.9%
14,2025-01-05,Minnesota Wild,MIN,#154734,/Images/wild.png,96.3%,48.5%,24.3%,11.9%,6.1%
15,2025-01-05,Montreal Canadiens,MTL,#AF1E2D,/Images/canadiens.png,4.8%,1.2%,0.3%,0.1%,0%
16,2025-01-05,Nashville Predators,NSH,#FFB81C,/Images/predators.png,5.1%,2.4%,1.2%,0.6%,0.3%
17,2025-01-05,New Jersey Devils,NJD,#CE1126,/Images/devils.png,95.2%,46.8%,24.1%,12.4%,6.1%
18,2025-01-05,New York Islanders,NYI,#00539b,/Images/islanders.png,14.5%,5.8%,2.5%,1.0%,0.4%
19,2025-01-05,New York Rangers,NYR,#0038A8,/Images/rangers.png,43.1%,21.6%,11.4%,5.9%,2.9%
20,2025-01-05,Ottawa Senators,OTT,#DA1A32,/Images/senators.png,58.2%,26.9%,12.5%,5.8%,2.5%
21,2025-01-05,Philadelphia Flyers,PHI,#F74902,/Images/flyers.png,14.2%,4.9%,1.8%,0.6%,0.2%
22,2025-01-05,Pittsburgh Penguins,PIT,#FCB514,/Images/penguins.png,10.3%,2.8%,0.8%,0.2%,0.1%
23,2025-01-05,San Jose Sharks,SJS,#006D75,/Images/sharks.png,0%,0%,0%,0%,0%
24,2025-01-05,Seattle Kraken,SEA,#68a2b9,/Images/kraken.png,5.0%,2.1%,0.9%,0.4%,0.2%
25,2025-01-05,St. Louis Blues,STL,#002F87,/Images/blues.png,6.3%,2.0%,0.6%,0.2%,0.1%
26,2025-01-05,Tampa Bay Lightning,TBL,#002868,/Images/lightning.png,86.9%,44.6%,22.3%,11.1%,5.5%
27,2025-01-05,Toronto Maple Leafs,TOR,#00205b,/Images/leafs.png,97.9%,49.2%,23.5%,11.0%,5.1%
28,2025-01-05,Utah Hockey Club,UTA,#5c88da,/Images/utah.png,24.8%,10.0%,4.1%,1.7%,0.7%
29,2025-01-05,Vancouver Canucks,VAN,#00205B,/Images/canucks.png,77.9%,40.6%,21.1%,11.0%,5.7%
30,2025-01-05,Vegas Golden Knights,VGK,#B4975A,/Images/golden knights.png,97.3%,39.4%,16.2%,6.5%,2.7%
31,2025-01-05,Washington Capitals,WSH,#041E42,/Images/capitals.png,99.7%,50.6%,24.8%,11.7%,5.5%
32,2025-01-05,Winnipeg Jets,WPG,#004C97,/Images/jets.png,95.9%,50.8%,26.4%,13.6%,7.1%
1,2025-01-12,Anaheim Ducks,ANA,#00685e,/Images/ducks.png,0.2%,0%,0%,0%,0%
2,2025-01-12,Boston Bruins,BOS,#FFB81C,/Images/bruins.png,49.7%,23.6%,11.4%,5.3%,2.4%
3,2025-01-12,Buffalo Sabres,BUF,#003087,/Images/sabres.png,1.9%,0.6%,0.2%,0.1%,0%
4,2025-01-12,Calgary Flames,CGY,#D2001C,/Images/flames.png,29.5%,10.2%,3.6%,1.2%,0.5%
5,2025-01-12,Carolina Hurricanes,CAR,#CE1126,/Images/canes.png,98.7%,57.7%,33.2%,19.3%,10.6%
6,2025-01-12,Chicago Blackhawks,CHI,#CF0A2C,/Images/blackhawks.png,0%,0%,0%,0%,0%
7,2025-01-12,Colorado Avalanche,COL,#6F263D,/Images/avalanche.png,84.7%,41.9%,21.0%,10.4%,5.2%
8,2025-01-12,Columbus Blue Jackets,CBJ,#002654,/Images/blue jackets.png,7.5%,1.6%,0.4%,0.1%,0%
9,2025-01-12,Dallas Stars,DAL,#006847,/Images/stars.png,97.2%,50.3%,25.8%,13.1%,6.8%
10,2025-01-12,Detroit Red Wings,DET,#ce1126,/Images/red wings.png,18.2%,6.3%,2.3%,0.8%,0.3%
11,2025-01-12,Edmonton Oilers,EDM,#FF4C00,/Images/oilers.png,96.5%,53.0%,28.0%,14.8%,7.8%
12,2025-01-12,Florida Panthers,FLA,#c8102E,/Images/panthers.png,96.9%,54.1%,28.1%,14.8%,7.5%
13,2025-01-12,Los Angeles Kings,LAK,#A2AAAD,/Images/kings.png,97.2%,55.1%,29.8%,16.2%,8.9%
14,2025-01-12,Minnesota Wild,MIN,#154734,/Images/wild.png,97.2%,48.7%,24.1%,11.7%,5.9%
15,2025-01-12,Montreal Canadiens,MTL,#AF1E2D,/Images/canadiens.png,6.7%,1.5%,0.4%,0.1%,0%
16,2025-01-12,Nashville Predators,NSH,#FFB81C,/Images/predators.png,2.2%,1.0%,0.5%,0.2%,0.1%
17,2025-01-12,New Jersey Devils,NJD,#CE1126,/Images/devils.png,97.4%,47.9%,24.8%,12.8%,6.4%
18,2025-01-12,New York Islanders,NYI,#00539b,/Images/islanders.png,24.9%,10.0%,4.2%,1.7%,0.7%
19,2025-01-12,New York Rangers,NYR,#0038A8,/Images/rangers.png,45.4%,22.3%,11.5%,5.7%,2.7%
20,2025-01-12,Ottawa Senators,OTT,#DA1A32,/Images/senators.png,53.5%,24.7%,11.7%,5.4%,2.5%
21,2025-01-12,Philadelphia Flyers,PHI,#F74902,/Images/flyers.png,8.4%,2.9%,1.1%,0.4%,0.1%
22,2025-01-12,Pittsburgh Penguins,PIT,#FCB514,/Images/penguins.png,8.2%,2.2%,0.7%,0.2%,0.1%
23,2025-01-12,San Jose Sharks,SJS,#006D75,/Images/sharks.png,0%,0%,0%,0%,0%
24,2025-01-12,Seattle Kraken,SEA,#68a2b9,/Images/kraken.png,3.0%,1.2%,0.5%,0.2%,0.1%
25,2025-01-12,St. Louis Blues,STL,#002F87,/Images/blues.png,4.2%,1.3%,0.4%,0.1%,0%
26,2025-01-12,Tampa Bay Lightning,TBL,#002868,/Images/lightning.png,85.5%,44.3%,21.8%,11.0%,5.3%
27,2025-01-12,Toronto Maple Leafs,TOR,#00205b,/Images/leafs.png,97.5%,49.0%,22.8%,10.5%,4.8%
28,2025-01-12,Utah Hockey Club,UTA,#5c88da,/Images/utah.png,17.1%,6.7%,2.7%,1.1%,0.5%
29,2025-01-12,Vancouver Canucks,VAN,#00205B,/Images/canucks.png,76.7%,39.9%,20.8%,10.7%,5.5%
30,2025-01-12,Vegas Golden Knights,VGK,#B4975A,/Images/golden knights.png,96.4%,38.5%,15.7%,6.3%,2.6%
31,2025-01-12,Washington Capitals,WSH,#041E42,/Images/capitals.png,99.8%,51.4%,25.5%,11.8%,5.5%
32,2025-01-12,Winnipeg Jets,WPG,#004C97,/Images/jets.png,98.1%,52.1%,27.0%,13.8%,7.3%
1,2025-01-19,Anaheim Ducks,ANA,#00685e,/Images/ducks.png,0.2%,0%,0%,0%,0%
2,2025-01-19,Boston Bruins,BOS,#FFB81C,/Images/bruins.png,37.3%,15.3%,6.4%,2.6%,1.1%
3,2025-01-19,Buffalo Sabres,BUF,#003087,/Images/sabres.png,0.8%,0.2%,0.1%,0%,0%
4,2025-01-19,Calgary Flames,CGY,#D2001C,/Images/flames.png,42.4%,16.3%,6.6%,2.7%,1.0%
5,2025-01-19,Carolina Hurricanes,CAR,#CE1126,/Images/canes.png,97.9%,47.9%,24.1%,12.3%,6.2%
6,2025-01-19,Chicago Blackhawks,CHI,#CF0A2C,/Images/blackhawks.png,0%,0%,0%,0%,0%
7,2025-01-19,Colorado Avalanche,COL,#6F263D,/Images/avalanche.png,84.6%,40.8%,18.5%,8.7%,4.0%
8,2025-01-19,Columbus Blue Jackets,CBJ,#002654,/Images/blue jackets.png,5.1%,0.9%,0.2%,0%,0%
9,2025-01-19,Dallas Stars,DAL,#006847,/Images/stars.png,94.3%,50.6%,24.7%,12.5%,6.2%
10,2025-01-19,Detroit Red Wings,DET,#ce1126,/Images/red wings.png,20.3%,7.9%,3.2%,1.2%,0.5%
11,2025-01-19,Edmonton Oilers,EDM,#FF4C00,/Images/oilers.png,99.3%,58.8%,35.0%,20.1%,11.1%
12,2025-01-19,Florida Panthers,FLA,#c8102E,/Images/panthers.png,94.7%,48.5%,24.6%,12.3%,6.2%
13,2025-01-19,Los Angeles Kings,LAK,#A2AAAD,/Images/kings.png,97.2%,55.5%,32.1%,17.7%,9.6%
14,2025-01-19,Minnesota Wild,MIN,#154734,/Images/wild.png,89.9%,42.1%,18.4%,8.2%,3.6%
15,2025-01-19,Montreal Canadiens,MTL,#AF1E2D,/Images/canadiens.png,7.8%,1.9%,0.5%,0.1%,0%
16,2025-01-19,Nashville Predators,NSH,#FFB81C,/Images/predators.png,5.0%,2.3%,1.1%,0.5%,0.2%
17,2025-01-19,New Jersey Devils,NJD,#CE1126,/Images/devils.png,97.5%,54.5%,29.4%,16.2%,8.9%
18,2025-01-19,New York Islanders,NYI,#00539b,/Images/islanders.png,19.9%,8.6%,3.9%,1.7%,0.8%
19,2025-01-19,New York Rangers,NYR,#0038A8,/Images/rangers.png,35.0%,14.8%,6.5%,2.8%,1.2%
20,2025-01-19,Ottawa Senators,OTT,#DA1A32,/Images/senators.png,80.3%,41.7%,21.9%,11.4%,5.9%
21,2025-01-19,Philadelphia Flyers,PHI,#F74902,/Images/flyers.png,10.1%,3.2%,1.1%,0.3%,0.1%
22,2025-01-19,Pittsburgh Penguins,PIT,#FCB514,/Images/penguins.png,2.2%,0.5%,0.1%,0%,0%
23,2025-01-19,San Jose Sharks,SJS,#006D75,/Images/sharks.png,0%,0%,0%,0%,0%
24,2025-01-19,Seattle Kraken,SEA,#68a2b9,/Images/kraken.png,1.1%,0.4%,0.2%,0.1%,0%
25,2025-01-19,St. Louis Blues,STL,#002F87,/Images/blues.png,7.3%,2.3%,0.8%,0.3%,0.1%
26,2025-01-19,Tampa Bay Lightning,TBL,#002868,/Images/lightning.png,93.7%,54.4%,30.5%,17.1%,9.5%
27,2025-01-19,Toronto Maple Leafs,TOR,#00205b,/Images/leafs.png,97.7%,46.2%,21.3%,9.5%,4.4%
28,2025-01-19,Utah Hockey Club,UTA,#5c88da,/Images/utah.png,10.0%,3.8%,1.5%,0.6%,0.2%
29,2025-01-19,Vancouver Canucks,VAN,#00205B,/Images/canucks.png,74.9%,37.9%,20.3%,10.5%,5.2%
30,2025-01-19,Vegas Golden Knights,VGK,#B4975A,/Images/golden knights.png,96.0%,40.3%,18.7%,7.9%,3.4%
31,2025-01-19,Washington Capitals,WSH,#041E42,/Images/capitals.png,99.9%,53.7%,26.5%,12.6%,6.2%
32,2025-01-19,Winnipeg Jets,WPG,#004C97,/Images/jets.png,97.9%,49.0%,22.2%,10.2%,4.7%
1,2025-01-26,Anaheim Ducks,ANA,#00685e,/Images/ducks.png,0.3%,0.1%,0%,0%,0%
2,2025-01-26,Boston Bruins,BOS,#FFB81C,/Images/bruins.png,44.3%,18.3%,7.5%,3.0%,1.3%
3,2025-01-26,Buffalo Sabres,BUF,#003087,/Images/sabres.png,0.2%,0.1%,0%,0%,0%
4,2025-01-26,Calgary Flames,CGY,#D2001C,/Images/flames.png,57.8%,22.1%,9.0%,3.4%,1.3%
5,2025-01-26,Carolina Hurricanes,CAR,#CE1126,/Images/canes.png,99.4%,53.1%,28.4%,15.5%,8.4%
6,2025-01-26,Chicago Blackhawks,CHI,#CF0A2C,/Images/blackhawks.png,0%,0%,0%,0%,0%
7,2025-01-26,Colorado Avalanche,COL,#6F263D,/Images/avalanche.png,74.4%,35.5%,16.5%,7.8%,3.5%
8,2025-01-26,Columbus Blue Jackets,CBJ,#002654,/Images/blue jackets.png,4.8%,0.8%,0.2%,0%,0%
9,2025-01-26,Dallas Stars,DAL,#006847,/Images/stars.png,97.2%,52.3%,25.7%,13.0%,6.3%
10,2025-01-26,Detroit Red Wings,DET,#ce1126,/Images/red wings.png,19.1%,7.3%,2.9%,1.1%,0.4%
11,2025-01-26,Edmonton Oilers,EDM,#FF4C00,/Images/oilers.png,99.6%,59.6%,35.3%,20.2%,11.2%
12,2025-01-26,Florida Panthers,FLA,#c8102E,/Images/panthers.png,94.9%,49.7%,24.9%,12.4%,6.3%
13,2025-01-26,Los Angeles Kings,LAK,#A2AAAD,/Images/kings.png,96.8%,55.8%,32.1%,17.6%,9.4%
14,2025-01-26,Minnesota Wild,MIN,#154734,/Images/wild.png,87.3%,40.7%,17.9%,8.2%,3.6%
15,2025-01-26,Montreal Canadiens,MTL,#AF1E2D,/Images/canadiens.png,8.4%,2.0%,0.5%,0.1%,0%
16,2025-01-26,Nashville Predators,NSH,#FFB81C,/Images/predators.png,4.9%,2.2%,1.0%,0.5%,0.3%
17,2025-01-26,New Jersey Devils,NJD,#CE1126,/Images/devils.png,97.6%,51.4%,27.8%,15.2%,8.2%
18,2025-01-26,New York Islanders,NYI,#00539b,/Images/islanders.png,27.6%,11.9%,5.4%,2.3%,1.0%
19,2025-01-26,New York Rangers,NYR,#0038A8,/Images/rangers.png,40.6%,17.1%,7.5%,3.1%,1.3%
20,2025-01-26,Ottawa Senators,OTT,#DA1A32,/Images/senators.png,76.6%,39.9%,20.6%,10.4%,5.4%
21,2025-01-26,Philadelphia Flyers,PHI,#F74902,/Images/flyers.png,5.4%,1.7%,0.6%,0.2%,0.1%
22,2025-01-26,Pittsburgh Penguins,PIT,#FCB514,/Images/penguins.png,1.0%,0.2%,0.1%,0%,0%
23,2025-01-26,San Jose Sharks,SJS,#006D75,/Images/sharks.png,0%,0%,0%,0%,0%
24,2025-01-26,Seattle Kraken,SEA,#68a2b9,/Images/kraken.png,1.4%,0.5%,0.2%,0.1%,0%
25,2025-01-26,St. Louis Blues,STL,#002F87,/Images/blues.png,5.2%,1.6%,0.5%,0.2%,0.1%
26,2025-01-26,Tampa Bay Lightning,TBL,#002868,/Images/lightning.png,84.7%,48.6%,26.9%,15.2%,8.5%
27,2025-01-26,Toronto Maple Leafs,TOR,#00205b,/Images/leafs.png,95.6%,45.5%,20.7%,9.2%,4.3%
28,2025-01-26,Utah Hockey Club,UTA,#5c88da,/Images/utah.png,13.1%,5.0%,1.9%,0.7%,0.3%
29,2025-01-26,Vancouver Canucks,VAN,#00205B,/Images/canucks.png,66.9%,33.7%,18.0%,9.3%,4.5%
30,2025-01-26,Vegas Golden Knights,VGK,#B4975A,/Images/golden knights.png,96.3%,40.8%,19.1%,8.3%,3.6%
31,2025-01-26,Washington Capitals,WSH,#041E42,/Images/capitals.png,100.0%,52.6%,26.2%,12.5%,6.1%
32,2025-01-26,Winnipeg Jets,WPG,#004C97,/Images/jets.png,98.8%,50.2%,23.0%,10.8%,5.0%
1,2025-02-02,Anaheim Ducks,ANA,#00685e,/Images/ducks.png,0.4%,0.1%,0%,0%,0%
2,2025-02-02,Boston Bruins,BOS,#FFB81C,/Images/bruins.png,29.6%,12.3%,5.1%,2.1%,0.9%
3,2025-02-02,Buffalo Sabres,BUF,#003087,/Images/sabres.png,0.3%,0.1%,0%,0%,0%
4,2025-02-02,Calgary Flames,CGY,#D2001C,/Images/flames.png,42.4%,16.4%,6.7%,2.6%,1.0%
5,2025-02-02,Carolina Hurricanes,CAR,#CE1126,/Images/canes.png,99.5%,51.8%,27.3%,14.6%,8.0%
6,2025-02-02,Chicago Blackhawks,CHI,#CF0A2C,/Images/blackhawks.png,0%,0%,0%,0%,0%
7,2025-02-02,Colorado Avalanche,COL,#6F263D,/Images/avalanche.png,85.0%,41.1%,19.4%,9.2%,4.1%
8,2025-02-02,Columbus Blue Jackets,CBJ,#002654,/Images/blue jackets.png,8.1%,1.3%,0.3%,0%,0%
9,2025-02-02,Dallas Stars,DAL,#006847,/Images/stars.png,98.7%,49.4%,22.8%,10.7%,4.8%
10,2025-02-02,Detroit Red Wings,DET,#ce1126,/Images/red wings.png,34.6%,13.6%,5.4%,2.0%,0.9%
11,2025-02-02,Edmonton Oilers,EDM,#FF4C00,/Images/oilers.png,99.7%,60.1%,36.5%,21.7%,11.8%
12,2025-02-02,Florida Panthers,FLA,#c8102E,/Images/panthers.png,95.6%,50.0%,24.9%,12.4%,6.4%
13,2025-02-02,Los Angeles Kings,LAK,#A2AAAD,/Images/kings.png,94.9%,53.0%,30.0%,16.5%,8.4%
14,2025-02-02,Minnesota Wild,MIN,#154734,/Images/wild.png,95.2%,45.6%,20.6%,9.5%,4.3%
15,2025-02-02,Montreal Canadiens,MTL,#AF1E2D,/Images/canadiens.png,3.2%,0.8%,0.2%,0%,0%
16,2025-02-02,Nashville Predators,NSH,#FFB81C,/Images/predators.png,1.3%,0.6%,0.3%,0.2%,0.1%
17,2025-02-02,New Jersey Devils,NJD,#CE1126,/Images/devils.png,96.9%,51.3%,27.9%,15.3%,8.6%
18,2025-02-02,New York Islanders,NYI,#00539b,/Images/islanders.png,41.7%,17.9%,8.0%,3.4%,1.6%
19,2025-02-02,New York Rangers,NYR,#0038A8,/Images/rangers.png,26.2%,12.5%,6.1%,2.9%,1.4%
20,2025-02-02,Ottawa Senators,OTT,#DA1A32,/Images/senators.png,86.2%,45.3%,23.3%,11.9%,6.3%
21,2025-02-02,Philadelphia Flyers,PHI,#F74902,/Images/flyers.png,3.2%,1.0%,0.3%,0.1%,0.0%
22,2025-02-02,Pittsburgh Penguins,PIT,#FCB514,/Images/penguins.png,0.7%,0.2%,0.1%,0%,0%
23,2025-02-02,San Jose Sharks,SJS,#006D75,/Images/sharks.png,0%,0%,0%,0%,0%
24,2025-02-02,Seattle Kraken,SEA,#68a2b9,/Images/kraken.png,1.0%,0.3%,0.1%,0%,0%
25,2025-02-02,St. Louis Blues,STL,#002F87,/Images/blues.png,3.4%,1.2%,0.4%,0.2%,0.1%
26,2025-02-02,Tampa Bay Lightning,TBL,#002868,/Images/lightning.png,79.4%,45.0%,24.9%,13.9%,7.9%
27,2025-02-02,Toronto Maple Leafs,TOR,#00205b,/Images/leafs.png,94.9%,44.3%,19.9%,8.9%,4.3%
28,2025-02-02,Utah Hockey Club,UTA,#5c88da,/Images/utah.png,9.8%,3.8%,1.6%,0.7%,0.2%
29,2025-02-02,Vancouver Canucks,VAN,#00205B,/Images/canucks.png,70.4%,33.4%,16.9%,8.2%,3.8%
30,2025-02-02,Vegas Golden Knights,VGK,#B4975A,/Images/golden knights.png,98.0%,42.6%,20.2%,8.7%,3.6%
31,2025-02-02,Washington Capitals,WSH,#041E42,/Images/capitals.png,100.0%,52.6%,26.2%,12.4%,6.2%
32,2025-02-02,Winnipeg Jets,WPG,#004C97,/Images/jets.png,99.9%,52.3%,24.6%,12.0%,5.5%
1,2025-02-10,Anaheim Ducks,ANA,#00685e,/Images/ducks.png,0.7%,0.2%,0%,0%,0%
2,2025-02-10,Boston Bruins,BOS,#FFB81C,/Images/bruins.png,24.5%,8.5%,3.1%,1.0%,0.4%
3,2025-02-10,Buffalo Sabres,BUF,#003087,/Images/sabres.png,0.3%,0.1%,0%,0%,0%
4,2025-02-10,Calgary Flames,CGY,#D2001C,/Images/flames.png,15.0%,4.8%,1.6%,0.5%,0.2%
5,2025-02-10,Carolina Hurricanes,CAR,#CE1126,/Images/canes.png,99.8%,52.0%,28.8%,16.5%,10.3%
6,2025-02-10,Chicago Blackhawks,CHI,#CF0A2C,/Images/blackhawks.png,0%,0%,0%,0%,0%
7,2025-02-10,Colorado Avalanche,COL,#6F263D,/Images/avalanche.png,92.9%,44.2%,19.8%,9.2%,3.4%
8,2025-02-10,Columbus Blue Jackets,CBJ,#002654,/Images/blue jackets.png,2.7%,0.3%,0%,0%,0%
9,2025-02-10,Dallas Stars,DAL,#006847,/Images/stars.png,99.1%,50.9%,22.9%,10.8%,4.0%
10,2025-02-10,Detroit Red Wings,DET,#ce1126,/Images/red wings.png,33.6%,9.6%,3.0%,0.8%,0.3%
11,2025-02-10,Edmonton Oilers,EDM,#FF4C00,/Images/oilers.png,99.8%,60.9%,37.5%,22.6%,11.0%
12,2025-02-10,Florida Panthers,FLA,#c8102E,/Images/panthers.png,99.5%,55.9%,28.7%,14.7%,8.8%
13,2025-02-10,Los Angeles Kings,LAK,#A2AAAD,/Images/kings.png,96.5%,51.1%,28.8%,15.1%,6.6%
14,2025-02-10,Minnesota Wild,MIN,#154734,/Images/wild.png,96.3%,42.7%,17.7%,7.5%,2.6%
15,2025-02-10,Montreal Canadiens,MTL,#AF1E2D,/Images/canadiens.png,1.4%,0.3%,0.1%,0%,0%
16,2025-02-10,Nashville Predators,NSH,#FFB81C,/Images/predators.png,0.5%,0.2%,0.1%,0.1%,0%
17,2025-02-10,New Jersey Devils,NJD,#CE1126,/Images/devils.png,99.1%,51.4%,29.0%,16.7%,10.7%
18,2025-02-10,New York Islanders,NYI,#00539b,/Images/islanders.png,21.6%,7.1%,2.6%,0.8%,0.3%
19,2025-02-10,New York Rangers,NYR,#0038A8,/Images/rangers.png,38.3%,15.5%,6.9%,2.7%,1.3%
20,2025-02-10,Ottawa Senators,OTT,#DA1A32,/Images/senators.png,79.4%,33.0%,14.4%,5.8%,2.8%
21,2025-02-10,Philadelphia Flyers,PHI,#F74902,/Images/flyers.png,3.4%,1.0%,0.4%,0.1%,0%
22,2025-02-10,Pittsburgh Penguins,PIT,#FCB514,/Images/penguins.png,0.5%,0.1%,0%,0%,0%
23,2025-02-10,San Jose Sharks,SJS,#006D75,/Images/sharks.png,0%,0%,0%,0%,0%
24,2025-02-10,Seattle Kraken,SEA,#68a2b9,/Images/kraken.png,0.2%,0.1%,0%,0%,0%
25,2025-02-10,St. Louis Blues,STL,#002F87,/Images/blues.png,1.8%,0.5%,0.2%,0.1%,0%
26,2025-02-10,Tampa Bay Lightning,TBL,#002868,/Images/lightning.png,96.8%,55.1%,28.9%,15.9%,9.8%
27,2025-02-10,Toronto Maple Leafs,TOR,#00205b,/Images/leafs.png,99.1%,50.3%,23.5%,10.9%,5.9%
28,2025-02-10,Utah Hockey Club,UTA,#5c88da,/Images/utah.png,10.1%,4.5%,2.0%,0.9%,0.3%
29,2025-02-10,Vancouver Canucks,VAN,#00205B,/Images/canucks.png,88.2%,43.7%,23.4%,11.8%,4.8%
30,2025-02-10,Vegas Golden Knights,VGK,#B4975A,/Images/golden knights.png,98.9%,44.0%,21.7%,9.6%,3.5%
31,2025-02-10,Washington Capitals,WSH,#041E42,/Images/capitals.png,100%,59.8%,30.8%,14.2%,8.1%
32,2025-02-10,Winnipeg Jets,WPG,#004C97,/Images/jets.png,100%,52.2%,24.3%,11.9%,4.7%
1,2025-02-23,Anaheim Ducks,ANA,#00685e,/Images/ducks.png,1.4%,0.3%,0.1%,0.0%,0%
2,2025-02-23,Boston Bruins,BOS,#FFB81C,/Images/bruins.png,24.9%,8.6%,3.3%,1.1%,0.4%
3,2025-02-23,Buffalo Sabres,BUF,#003087,/Images/sabres.png,0.6%,0.1%,0%,0%,0%
4,2025-02-23,Calgary Flames,CGY,#D2001C,/Images/flames.png,16.7%,5.6%,2.0%,0.6%,0.2%
5,2025-02-23,Carolina Hurricanes,CAR,#CE1126,/Images/canes.png,99.8%,51.7%,28.2%,16.2%,10.2%
6,2025-02-23,Chicago Blackhawks,CHI,#CF0A2C,/Images/blackhawks.png,0%,0%,0%,0%,0%
7,2025-02-23,Colorado Avalanche,COL,#6F263D,/Images/avalanche.png,91.2%,43.1%,19.4%,9.2%,3.5%
8,2025-02-23,Columbus Blue Jackets,CBJ,#002654,/Images/blue jackets.png,4.5%,0.5%,0.1%,0%,0%
9,2025-02-23,Dallas Stars,DAL,#006847,/Images/stars.png,99.6%,51.8%,23.2%,11.0%,4.2%
10,2025-02-23,Detroit Red Wings,DET,#ce1126,/Images/red wings.png,36.1%,10.4%,3.3%,0.9%,0.3%
11,2025-02-23,Edmonton Oilers,EDM,#FF4C00,/Images/oilers.png,99.8%,60.1%,37.1%,22.3%,11.1%
12,2025-02-23,Florida Panthers,FLA,#c8102E,/Images/panthers.png,99.3%,55.1%,27.9%,14.5%,8.5%
13,2025-02-23,Los Angeles Kings,LAK,#A2AAAD,/Images/kings.png,98.0%,51.6%,29.1%,15.3%,6.8%
14,2025-02-23,Minnesota Wild,MIN,#154734,/Images/wild.png,97.8%,43.7%,18.2%,7.7%,2.7%
15,2025-02-23,Montreal Canadiens,MTL,#AF1E2D,/Images/canadiens.png,2.5%,0.5%,0.1%,0%,0%
16,2025-02-23,Nashville Predators,NSH,#FFB81C,/Images/predators.png,0.8%,0.4%,0.2%,0.1%,0.1%
17,2025-02-23,New Jersey Devils,NJD,#CE1126,/Images/devils.png,98.8%,50.6%,28.0%,16.4%,10.5%
18,2025-02-23,New York Islanders,NYI,#00539b,/Images/islanders.png,24.4%,8.0%,3.0%,0.9%,0.4%
19,2025-02-23,New York Rangers,NYR,#0038A8,/Images/rangers.png,31.9%,12.9%,5.9%,2.3%,1.1%
20,2025-02-23,Ottawa Senators,OTT,#DA1A32,/Images/senators.png,74.0%,30.8%,13.9%,5.6%,2.8%
21,2025-02-23,Philadelphia Flyers,PHI,#F74902,/Images/flyers.png,6.0%,1.8%,0.6%,0.2%,0.1%
22,2025-02-23,Pittsburgh Penguins,PIT,#FCB514,/Images/penguins.png,0.3%,0.1%,0.0%,0%,0%
23,2025-02-23,San Jose Sharks,SJS,#006D75,/Images/sharks.png,0%,0%,0%,0%,0%
24,2025-02-23,Seattle Kraken,SEA,#68a2b9,/Images/kraken.png,0.4%,0.1%,0.1%,0%,0%
25,2025-02-23,St. Louis Blues,STL,#002F87,/Images/blues.png,1.9%,0.6%,0.2%,0.1%,0%
26,2025-02-23,Tampa Bay Lightning,TBL,#002868,/Images/lightning.png,97.2%,55.2%,29.0%,15.8%,9.6%
27,2025-02-23,Toronto Maple Leafs,TOR,#00205b,/Images/leafs.png,99.6%,51.8%,24.6%,11.5%,6.2%
28,2025-02-23,Utah Hockey Club,UTA,#5c88da,/Images/utah.png,7.8%,3.5%,1.6%,0.7%,0.2%
29,2025-02-23,Vancouver Canucks,VAN,#00205B,/Images/canucks.png,85.3%,42.5%,22.7%,11.6%,4.8%
30,2025-02-23,Vegas Golden Knights,VGK,#B4975A,/Images/golden knights.png,99.5%,44.1%,21.7%,9.4%,3.5%
31,2025-02-23,Washington Capitals,WSH,#041E42,/Images/capitals.png,100.0%,61.8%,32.0%,14.7%,8.4%
32,2025-02-23,Winnipeg Jets,WPG,#004C97,/Images/jets.png,100.0%,52.5%,24.5%,12.0%,4.7%
1,2025-03-02,Anaheim Ducks,ANA,#00685e,/Images/ducks.png,0.8%,0.2%,0%,0%,0%
2,2025-03-02,Boston Bruins,BOS,#FFB81C,/Images/bruins.png,16.6%,5.5%,2.0%,0.6%,0.2%
3,2025-03-02,Buffalo Sabres,BUF,#003087,/Images/sabres.png,0.2%,0%,0%,0%,0%
4,2025-03-02,Calgary Flames,CGY,#D2001C,/Images/flames.png,23.2%,7.3%,2.5%,0.8%,0.2%
5,2025-03-02,Carolina Hurricanes,CAR,#CE1126,/Images/canes.png,99.1%,51.2%,25.7%,14.1%,7.8%
6,2025-03-02,Chicago Blackhawks,CHI,#CF0A2C,/Images/blackhawks.png,0%,0%,0%,0%,0%
7,2025-03-02,Colorado Avalanche,COL,#6F263D,/Images/avalanche.png,95.8%,42.8%,19.2%,9.0%,3.8%
8,2025-03-02,Columbus Blue Jackets,CBJ,#002654,/Images/blue jackets.png,23.7%,4.7%,1.1%,0.2%,0.1%
9,2025-03-02,Dallas Stars,DAL,#006847,/Images/stars.png,100%,59.5%,30.3%,16.2%,7.9%
10,2025-03-02,Detroit Red Wings,DET,#ce1126,/Images/red wings.png,33.5%,11.1%,4.1%,1.3%,0.5%
11,2025-03-02,Edmonton Oilers,EDM,#FF4C00,/Images/oilers.png,99.6%,59.1%,34.9%,20.6%,10.8%
12,2025-03-02,Florida Panthers,FLA,#c8102E,/Images/panthers.png,99.9%,55.5%,29.8%,15.8%,8.8%
13,2025-03-02,Los Angeles Kings,LAK,#A2AAAD,/Images/kings.png,98.3%,52.8%,29.2%,15.7%,7.8%
14,2025-03-02,Minnesota Wild,MIN,#154734,/Images/wild.png,94.0%,37.1%,15.0%,6.1%,2.3%
15,2025-03-02,Montreal Canadiens,MTL,#AF1E2D,/Images/canadiens.png,6.5%,1.4%,0.4%,0.1%,0%
16,2025-03-02,Nashville Predators,NSH,#FFB81C,/Images/predators.png,0.1%,0.1%,0%,0%,0%
17,2025-03-02,New Jersey Devils,NJD,#CE1126,/Images/devils.png,98.1%,50.8%,26.0%,14.4%,8.0%
18,2025-03-02,New York Islanders,NYI,#00539b,/Images/islanders.png,15.2%,4.8%,1.7%,0.5%,0.2%
19,2025-03-02,New York Rangers,NYR,#0038A8,/Images/rangers.png,36.3%,16.1%,7.7%,3.4%,1.7%
20,2025-03-02,Ottawa Senators,OTT,#DA1A32,/Images/senators.png,63.6%,26.3%,12.2%,4.9%,2.1%
21,2025-03-02,Philadelphia Flyers,PHI,#F74902,/Images/flyers.png,7.8%,2.4%,0.8%,0.2%,0.1%
22,2025-03-02,Pittsburgh Penguins,PIT,#FCB514,/Images/penguins.png,0%,0%,0%,0%,0%
23,2025-03-02,San Jose Sharks,SJS,#006D75,/Images/sharks.png,0%,0%,0%,0%,0%
24,2025-03-02,Seattle Kraken,SEA,#68a2b9,/Images/kraken.png,0.2%,0.1%,0%,0%,0%
25,2025-03-02,St. Louis Blues,STL,#002F87,/Images/blues.png,9.8%,2.6%,0.8%,0.2%,0.1%
26,2025-03-02,Tampa Bay Lightning,TBL,#002868,/Images/lightning.png,99.5%,56.7%,31.5%,17.8%,10.2%
27,2025-03-02,Toronto Maple Leafs,TOR,#00205b,/Images/leafs.png,99.9%,52.4%,26.6%,12.8%,6.8%
28,2025-03-02,Utah Hockey Club,UTA,#5c88da,/Images/utah.png,11.7%,4.4%,1.8%,0.6%,0.2%
29,2025-03-02,Vancouver Canucks,VAN,#00205B,/Images/canucks.png,66.9%,32.6%,17.1%,8.3%,3.8%
30,2025-03-02,Vegas Golden Knights,VGK,#B4975A,/Images/golden knights.png,99.7%,45.3%,21.2%,9.1%,3.6%
31,2025-03-02,Washington Capitals,WSH,#041E42,/Images/capitals.png,100%,61.1%,30.5%,13.9%,7.2%
32,2025-03-02,Winnipeg Jets,WPG,#004C97,/Images/jets.png,100%,56.2%,28.0%,13.4%,6.1%
1,2025-03-09,Anaheim Ducks,ANA,#00685e,/Images/ducks.png,0.3%,0.1%,0%,0%,0%
2,2025-03-09,Boston Bruins,BOS,#FFB81C,/Images/bruins.png,4.8%,1.2%,0.4%,0.1%,0%
3,2025-03-09,Buffalo Sabres,BUF,#003087,/Images/sabres.png,0%,0%,0%,0%,0%
4,2025-03-09,Calgary Flames,CGY,#D2001C,/Images/flames.png,24.7%,7.1%,2.3%,0.6%,0.2%
5,2025-03-09,Carolina Hurricanes,CAR,#CE1126,/Images/canes.png,99.9%,64.1%,32.8%,18.0%,10.2%
6,2025-03-09,Chicago Blackhawks,CHI,#CF0A2C,/Images/blackhawks.png,0%,0%,0%,0%,0%
7,2025-03-09,Colorado Avalanche,COL,#6F263D,/Images/avalanche.png,97.6%,42.6%,18.8%,8.7%,3.6%
8,2025-03-09,Columbus Blue Jackets,CBJ,#002654,/Images/blue jackets.png,20.1%,4.0%,0.9%,0.2%,0%
9,2025-03-09,Dallas Stars,DAL,#006847,/Images/stars.png,100%,60.7%,31.0%,16.5%,8.1%
10,2025-03-09,Detroit Red Wings,DET,#ce1126,/Images/red wings.png,12.8%,4.5%,1.7%,0.6%,0.2%
11,2025-03-09,Edmonton Oilers,EDM,#FF4C00,/Images/oilers.png,99.3%,54.1%,30.3%,16.3%,8.2%
12,2025-03-09,Florida Panthers,FLA,#c8102E,/Images/panthers.png,100%,56.5%,30.9%,15.9%,8.6%
13,2025-03-09,Los Angeles Kings,LAK,#A2AAAD,/Images/kings.png,96.3%,48.0%,26.2%,13.7%,6.7%
14,2025-03-09,Minnesota Wild,MIN,#154734,/Images/wild.png,93.6%,33.6%,12.9%,5.0%,1.7%
15,2025-03-09,Montreal Canadiens,MTL,#AF1E2D,/Images/canadiens.png,7.7%,1.7%,0.4%,0.1%,0%
16,2025-03-09,Nashville Predators,NSH,#FFB81C,/Images/predators.png,0%,0%,0%,0%,0%
17,2025-03-09,New Jersey Devils,NJD,#CE1126,/Images/devils.png,85.3%,30.9%,11.6%,4.5%,1.9%
18,2025-03-09,New York Islanders,NYI,#00539b,/Images/islanders.png,22.4%,7.1%,2.4%,0.8%,0.3%
19,2025-03-09,New York Rangers,NYR,#0038A8,/Images/rangers.png,64.2%,28.6%,13.6%,6.3%,3.1%
20,2025-03-09,Ottawa Senators,OTT,#DA1A32,/Images/senators.png,80.7%,33.7%,15.9%,6.9%,3.2%
21,2025-03-09,Philadelphia Flyers,PHI,#F74902,/Images/flyers.png,2.6%,0.9%,0.3%,0.1%,0%
22,2025-03-09,Pittsburgh Penguins,PIT,#FCB514,/Images/penguins.png,0%,0%,0%,0%,0%
23,2025-03-09,San Jose Sharks,SJS,#006D75,/Images/sharks.png,0%,0%,0%,0%,0%
24,2025-03-09,Seattle Kraken,SEA,#68a2b9,/Images/kraken.png,0%,0%,0%,0%,0%
25,2025-03-09,St. Louis Blues,STL,#002F87,/Images/blues.png,9.2%,2.5%,0.7%,0.2%,0.1%
26,2025-03-09,Tampa Bay Lightning,TBL,#002868,/Images/lightning.png,99.5%,56.3%,32.5%,18.6%,10.7%
27,2025-03-09,Toronto Maple Leafs,TOR,#00205b,/Images/leafs.png,99.9%,49.0%,25.6%,12.9%,6.8%
28,2025-03-09,Utah Hockey Club,UTA,#5c88da,/Images/utah.png,11.8%,4.5%,1.9%,0.7%,0.3%
29,2025-03-09,Vancouver Canucks,VAN,#00205B,/Images/canucks.png,67.2%,31.0%,15.6%,7.5%,3.4%
30,2025-03-09,Vegas Golden Knights,VGK,#B4975A,/Images/golden knights.png,100%,60.7%,34.5%,18.6%,9.4%
31,2025-03-09,Washington Capitals,WSH,#041E42,/Images/capitals.png,100%,61.5%,31.1%,15.0%,7.8%
32,2025-03-09,Winnipeg Jets,WPG,#004C97,/Images/jets.png,100%,55.2%,25.9%,12.2%,5.5%
1,2025-03-16,Anaheim Ducks,ANA,#00685e,/Images/ducks.png,0.5%,0.1%,0.1%,0%,0%
2,2025-03-16,Boston Bruins,BOS,#FFB81C,/Images/bruins.png,2.5%,0.7%,0.2%,0.1%,0%
3,2025-03-16,Buffalo Sabres,BUF,#003087,/Images/sabres.png,0%,0%,0%,0%,0%
4,2025-03-16,Calgary Flames,CGY,#D2001C,/Images/flames.png,20.6%,6.0%,1.9%,0.6%,0.1%
5,2025-03-16,Carolina Hurricanes,CAR,#CE1126,/Images/canes.png,100%,64.2%,33.6%,18.5%,10.6%
6,2025-03-16,Chicago Blackhawks,CHI,#CF0A2C,/Images/blackhawks.png,0%,0%,0%,0%,0%
7,2025-03-16,Colorado Avalanche,COL,#6F263D,/Images/avalanche.png,99.6%,43.4%,18.5%,8.5%,3.5%
8,2025-03-16,Columbus Blue Jackets,CBJ,#002654,/Images/blue jackets.png,9.9%,2.2%,0.5%,0.1%,0%
9,2025-03-16,Dallas Stars,DAL,#006847,/Images/stars.png,100%,59.3%,29.9%,16.1%,7.9%
10,2025-03-16,Detroit Red Wings,DET,#ce1126,/Images/red wings.png,7.3%,2.7%,1.0%,0.3%,0.1%
11,2025-03-16,Edmonton Oilers,EDM,#FF4C00,/Images/oilers.png,99.2%,51.4%,28.7%,15.6%,7.8%
12,2025-03-16,Florida Panthers,FLA,#c8102E,/Images/panthers.png,100%,51.3%,26.8%,13.1%,6.9%
13,2025-03-16,Los Angeles Kings,LAK,#A2AAAD,/Images/kings.png,99.8%,51.3%,27.9%,14.4%,7.0%
14,2025-03-16,Minnesota Wild,MIN,#154734,/Images/wild.png,92.7%,33.4%,13.3%,5.1%,1.8%
15,2025-03-16,Montreal Canadiens,MTL,#AF1E2D,/Images/canadiens.png,16.6%,4.0%,1.0%,0.2%,0.1%
16,2025-03-16,Nashville Predators,NSH,#FFB81C,/Images/predators.png,0%,0%,0%,0%,0%
17,2025-03-16,New Jersey Devils,NJD,#CE1126,/Images/devils.png,94.7%,33.6%,12.6%,4.9%,2.0%
18,2025-03-16,New York Islanders,NYI,#00539b,/Images/islanders.png,9.2%,3.0%,1.0%,0.4%,0.1%
19,2025-03-16,New York Rangers,NYR,#0038A8,/Images/rangers.png,62.6%,29.9%,14.8%,7.3%,3.7%
20,2025-03-16,Ottawa Senators,OTT,#DA1A32,/Images/senators.png,97.1%,42.2%,20.1%,8.9%,4.2%
21,2025-03-16,Philadelphia Flyers,PHI,#F74902,/Images/flyers.png,0.3%,0.1%,0.1%,0%,0%
22,2025-03-16,Pittsburgh Penguins,PIT,#FCB514,/Images/penguins.png,0.2%,0%,0%,0%,0%
23,2025-03-16,San Jose Sharks,SJS,#006D75,/Images/sharks.png,0%,0%,0%,0%,0%
24,2025-03-16,Seattle Kraken,SEA,#68a2b9,/Images/kraken.png,0%,0%,0%,0%,0%
25,2025-03-16,St. Louis Blues,STL,#002F87,/Images/blues.png,11.3%,3.2%,1.0%,0.3%,0.1%
26,2025-03-16,Tampa Bay Lightning,TBL,#002868,/Images/lightning.png,99.7%,57.1%,33.2%,19.1%,11.1%
27,2025-03-16,Toronto Maple Leafs,TOR,#00205b,/Images/leafs.png,99.8%,49.3%,25.8%,13.1%,6.9%
28,2025-03-16,Utah Hockey Club,UTA,#5c88da,/Images/utah.png,11.7%,4.6%,1.9%,0.8%,0.3%
29,2025-03-16,Vancouver Canucks,VAN,#00205B,/Images/canucks.png,64.6%,30.5%,15.8%,7.6%,3.4%
30,2025-03-16,Vegas Golden Knights,VGK,#B4975A,/Images/golden knights.png,100%,60.5%,34.5%,18.7%,9.6%
31,2025-03-16,Washington Capitals,WSH,#041E42,/Images/capitals.png,100%,59.8%,29.6%,14.1%,7.2%
32,2025-03-16,Winnipeg Jets,WPG,#004C97,/Images/jets.png,100%,56.4%,26.6%,12.5%,5.6%
1,2025-03-23,Anaheim Ducks,ANA,#00685e,/Images/ducks.png,0.1%,0%,0%,0%,0%
2,2025-03-23,Boston Bruins,BOS,#FFB81C,/Images/bruins.png,1.2%,0.4%,0.1%,0.1%,0%
3,2025-03-23,Buffalo Sabres,BUF,#003087,/Images/sabres.png,0%,0%,0%,0%,0%
4,2025-03-23,Calgary Flames,CGY,#D2001C,/Images/flames.png,33.1%,11.6%,4.4%,1.5%,0.4%
5,2025-03-23,Carolina Hurricanes,CAR,#CE1126,/Images/canes.png,100%,71.2%,41.0%,24.9%,16.1%
6,2025-03-23,Chicago Blackhawks,CHI,#CF0A2C,/Images/blackhawks.png,0%,0%,0%,0%,0%
7,2025-03-23,Colorado Avalanche,COL,#6F263D,/Images/avalanche.png,99.8%,43.5%,18.9%,8.9%,3.5%
8,2025-03-23,Columbus Blue Jackets,CBJ,#002654,/Images/blue jackets.png,7.6%,1.7%,0.5%,0.1%,0%
9,2025-03-23,Dallas Stars,DAL,#006847,/Images/stars.png,100%,59.3%,29.9%,16.1%,7.4%
10,2025-03-23,Detroit Red Wings,DET,#ce1126,/Images/red wings.png,8.8%,3.1%,1.2%,0.4%,0.2%
11,2025-03-23,Edmonton Oilers,EDM,#FF4C00,/Images/oilers.png,99.8%,52.9%,29.3%,16.1%,7.6%
12,2025-03-23,Florida Panthers,FLA,#c8102E,/Images/panthers.png,100%,57.0%,30.6%,15.7%,8.9%
13,2025-03-23,Los Angeles Kings,LAK,#A2AAAD,/Images/kings.png,99.8%,51.6%,28.5%,15.5%,7.2%
14,2025-03-23,Minnesota Wild,MIN,#154734,/Images/wild.png,97.4%,38.5%,17.1%,7.1%,2.5%
15,2025-03-23,Montreal Canadiens,MTL,#AF1E2D,/Images/canadiens.png,28.1%,5.8%,1.3%,0.3%,0.1%
16,2025-03-23,Nashville Predators,NSH,#FFB81C,/Images/predators.png,0%,0%,0%,0%,0%
17,2025-03-23,New Jersey Devils,NJD,#CE1126,/Images/devils.png,94.4%,28.3%,10.5%,4.2%,1.8%
18,2025-03-23,New York Islanders,NYI,#00539b,/Images/islanders.png,31.1%,10.1%,3.7%,1.3%,0.5%
19,2025-03-23,New York Rangers,NYR,#0038A8,/Images/rangers.png,31.5%,12.7%,5.6%,2.3%,1.1%
20,2025-03-23,Ottawa Senators,OTT,#DA1A32,/Images/senators.png,97.1%,38.1%,17.2%,6.7%,3.0%
21,2025-03-23,Philadelphia Flyers,PHI,#F74902,/Images/flyers.png,0.1%,0%,0%,0%,0%
22,2025-03-23,Pittsburgh Penguins,PIT,#FCB514,/Images/penguins.png,0.2%,0%,0%,0%,0%
23,2025-03-23,San Jose Sharks,SJS,#006D75,/Images/sharks.png,0%,0%,0%,0%,0%
24,2025-03-23,Seattle Kraken,SEA,#68a2b9,/Images/kraken.png,0%,0%,0%,0%,0%
25,2025-03-23,St. Louis Blues,STL,#002F87,/Images/blues.png,31.5%,10.8%,4.0%,1.3%,0.4%
26,2025-03-23,Tampa Bay Lightning,TBL,#002868,/Images/lightning.png,100%,61.2%,34.8%,20.1%,12.3%
27,2025-03-23,Toronto Maple Leafs,TOR,#00205b,/Images/leafs.png,100%,43.7%,19.6%,8.5%,4.2%
28,2025-03-23,Utah Hockey Club,UTA,#5c88da,/Images/utah.png,13.1%,5.8%,2.7%,1.2%,0.5%
29,2025-03-23,Vancouver Canucks,VAN,#00205B,/Images/canucks.png,25.6%,12.6%,6.6%,3.2%,1.4%
30,2025-03-23,Vegas Golden Knights,VGK,#B4975A,/Images/golden knights.png,100%,55.9%,29.9%,15.4%,6.9%
31,2025-03-23,Washington Capitals,WSH,#041E42,/Images/capitals.png,100%,66.7%,33.9%,15.7%,8.5%
32,2025-03-23,Winnipeg Jets,WPG,#004C97,/Images/jets.png,100%,57.7%,28.7%,13.7%,5.8%
1,2025-03-30,Anaheim Ducks,ANA,#00685e,/Images/ducks.png,0%,0%,0%,0%,0%
2,2025-03-30,Boston Bruins,BOS,#FFB81C,/Images/bruins.png,0%,0%,0%,0%,0%
3,2025-03-30,Buffalo Sabres,BUF,#003087,/Images/sabres.png,0%,0%,0%,0%,0%
4,2025-03-30,Calgary Flames,CGY,#D2001C,/Images/flames.png,15.9%,5.4%,2.1%,0.7%,0.2%
5,2025-03-30,Carolina Hurricanes,CAR,#CE1126,/Images/canes.png,100%,69.5%,38.5%,22.9%,14.3%
6,2025-03-30,Chicago Blackhawks,CHI,#CF0A2C,/Images/blackhawks.png,0%,0%,0%,0%,0%
7,2025-03-30,Colorado Avalanche,COL,#6F263D,/Images/avalanche.png,99.9%,44.4%,18.8%,9.0%,3.5%
8,2025-03-30,Columbus Blue Jackets,CBJ,#002654,/Images/blue jackets.png,17.8%,4.1%,1.0%,0.2%,0.1%
9,2025-03-30,Dallas Stars,DAL,#006847,/Images/stars.png,100%,60.9%,32.1%,17.4%,8.2%
10,2025-03-30,Detroit Red Wings,DET,#ce1126,/Images/red wings.png,10.2%,3.8%,1.4%,0.5%,0.2%
11,2025-03-30,Edmonton Oilers,EDM,#FF4C00,/Images/oilers.png,99.2%,50.5%,28.1%,15.5%,7.3%
12,2025-03-30,Florida Panthers,FLA,#c8102E,/Images/panthers.png,100%,56.3%,30.7%,16.3%,9.3%
13,2025-03-30,Los Angeles Kings,LAK,#A2AAAD,/Images/kings.png,99.7%,49.8%,27.3%,14.8%,6.9%
14,2025-03-30,Minnesota Wild,MIN,#154734,/Images/wild.png,89.2%,35.7%,16.2%,6.7%,2.5%
15,2025-03-30,Montreal Canadiens,MTL,#AF1E2D,/Images/canadiens.png,15.1%,3.2%,0.7%,0.1%,0%
16,2025-03-30,Nashville Predators,NSH,#FFB81C,/Images/predators.png,0%,0%,0%,0%,0%
17,2025-03-30,New Jersey Devils,NJD,#CE1126,/Images/devils.png,99.4%,30.8%,11.2%,4.5%,1.8%
18,2025-03-30,New York Islanders,NYI,#00539b,/Images/islanders.png,19.3%,6.7%,2.5%,0.8%,0.4%
19,2025-03-30,New York Rangers,NYR,#0038A8,/Images/rangers.png,38.6%,16.5%,7.4%,3.0%,1.4%
20,2025-03-30,Ottawa Senators,OTT,#DA1A32,/Images/senators.png,99.5%,39.2%,17.9%,7.0%,3.2%
21,2025-03-30,Philadelphia Flyers,PHI,#F74902,/Images/flyers.png,0%,0%,0%,0%,0%
22,2025-03-30,Pittsburgh Penguins,PIT,#FCB514,/Images/penguins.png,0%,0%,0%,0%,0%
23,2025-03-30,San Jose Sharks,SJS,#006D75,/Images/sharks.png,0%,0%,0%,0%,0%
24,2025-03-30,Seattle Kraken,SEA,#68a2b9,/Images/kraken.png,0%,0%,0%,0%,0%
25,2025-03-30,St. Louis Blues,STL,#002F87,/Images/blues.png,72.4%,22.9%,8.1%,2.6%,0.7%
26,2025-03-30,Tampa Bay Lightning,TBL,#002868,/Images/lightning.png,100%,60.9%,34.8%,20.3%,12.5%
27,2025-03-30,Toronto Maple Leafs,TOR,#00205b,/Images/leafs.png,100%,43.8%,20.1%,8.9%,4.4%
28,2025-03-30,Utah Hockey Club,UTA,#5c88da,/Images/utah.png,0.8%,0.4%,0.2%,0.1%,0%
29,2025-03-30,Vancouver Canucks,VAN,#00205B,/Images/canucks.png,22.9%,11.1%,5.9%,2.8%,1.2%
30,2025-03-30,Vegas Golden Knights,VGK,#B4975A,/Images/golden knights.png,100%,61.4%,33.3%,17.1%,7.8%
31,2025-03-30,Washington Capitals,WSH,#041E42,/Images/capitals.png,100%,65.3%,33.7%,15.6%,8.4%
32,2025-03-30,Winnipeg Jets,WPG,#004C97,/Images/jets.png,100%,57.5%,28.0%,13.4%,5.7%
1,2025-04-06,Anaheim Ducks,ANA,#00685e,/Images/ducks.png,0%,0%,0%,0%,0%
2,2025-04-06,Boston Bruins,BOS,#FFB81C,/Images/bruins.png,0%,0%,0%,0%,0%
3,2025-04-06,Buffalo Sabres,BUF,#003087,/Images/sabres.png,0%,0%,0%,0%,0%
4,2025-04-06,Calgary Flames,CGY,#D2001C,/Images/flames.png,13.1%,4.4%,1.7%,0.6%,0.2%
5,2025-04-06,Carolina Hurricanes,CAR,#CE1126,/Images/canes.png,100%,69.1%,37.2%,22.7%,14.1%
6,2025-04-06,Chicago Blackhawks,CHI,#CF0A2C,/Images/blackhawks.png,0%,0%,0%,0%,0%
7,2025-04-06,Colorado Avalanche,COL,#6F263D,/Images/avalanche.png,100%,44.4%,18.6%,8.8%,3.5%
8,2025-04-06,Columbus Blue Jackets,CBJ,#002654,/Images/blue jackets.png,3.6%,0.9%,0.3%,0%,0%
9,2025-04-06,Dallas Stars,DAL,#006847,/Images/stars.png,100%,61.1%,32.5%,17.8%,8.5%
10,2025-04-06,Detroit Red Wings,DET,#ce1126,/Images/red wings.png,8.9%,3.3%,1.3%,0.5%,0.2%
11,2025-04-06,Edmonton Oilers,EDM,#FF4C00,/Images/oilers.png,99.9%,50.6%,28.1%,15.6%,7.4%
12,2025-04-06,Florida Panthers,FLA,#c8102E,/Images/panthers.png,100%,49.1%,25.5%,14.3%,8.2%
13,2025-04-06,Los Angeles Kings,LAK,#A2AAAD,/Images/kings.png,100%,52.6%,29.1%,15.8%,7.5%
14,2025-04-06,Minnesota Wild,MIN,#154734,/Images/wild.png,85.1%,34.1%,16.0%,6.6%,2.3%
15,2025-04-06,Montreal Canadiens,MTL,#AF1E2D,/Images/canadiens.png,66.5%,14.0%,3.4%,0.7%,0.2%
16,2025-04-06,Nashville Predators,NSH,#FFB81C,/Images/predators.png,0%,0%,0%,0%,0%
17,2025-04-06,New Jersey Devils,NJD,#CE1126,/Images/devils.png,100%,31.0%,10.8%,4.5%,1.9%
18,2025-04-06,New York Islanders,NYI,#00539b,/Images/islanders.png,3.6%,1.1%,0.4%,0.1%,0%
19,2025-04-06,New York Rangers,NYR,#0038A8,/Images/rangers.png,17.5%,7.5%,3.6%,1.4%,0.6%
20,2025-04-06,Ottawa Senators,OTT,#DA1A32,/Images/senators.png,99.9%,42.4%,19.9%,7.6%,3.5%
21,2025-04-06,Philadelphia Flyers,PHI,#F74902,/Images/flyers.png,0%,0%,0%,0%,0%
22,2025-04-06,Pittsburgh Penguins,PIT,#FCB514,/Images/penguins.png,0%,0%,0%,0%,0%
23,2025-04-06,San Jose Sharks,SJS,#006D75,/Images/sharks.png,0%,0%,0%,0%,0%
24,2025-04-06,Seattle Kraken,SEA,#68a2b9,/Images/kraken.png,0%,0%,0%,0%,0%
25,2025-04-06,St. Louis Blues,STL,#002F87,/Images/blues.png,98.2%,30.7%,10.7%,3.5%,1.0%
26,2025-04-06,Tampa Bay Lightning,TBL,#002868,/Images/lightning.png,100%,57.6%,33.0%,19.7%,12.0%
27,2025-04-06,Toronto Maple Leafs,TOR,#00205b,/Images/leafs.png,100%,51.3%,25.2%,10.6%,5.3%
28,2025-04-06,Utah Hockey Club,UTA,#5c88da,/Images/utah.png,0.1%,0%,0%,0%,0%
29,2025-04-06,Vancouver Canucks,VAN,#00205B,/Images/canucks.png,3.6%,1.8%,1.0%,0.5%,0.2%
30,2025-04-06,Vegas Golden Knights,VGK,#B4975A,/Images/golden knights.png,100%,63.1%,34.1%,17.3%,7.9%
31,2025-04-06,Washington Capitals,WSH,#041E42,/Images/capitals.png,100%,72.8%,39.4%,18.0%,9.9%
32,2025-04-06,Winnipeg Jets,WPG,#004C97,/Images/jets.png,100%,57.3%,28.1%,13.6%,5.7%
1,2025-04-13,Anaheim Ducks,ANA,#00685e,/Images/ducks.png,0%,0%,0%,0%,0%
2,2025-04-13,Boston Bruins,BOS,#FFB81C,/Images/bruins.png,0%,0%,0%,0%,0%
3,2025-04-13,Buffalo Sabres,BUF,#003087,/Images/sabres.png,0%,0%,0%,0%,0%
4,2025-04-13,Calgary Flames,CGY,#D2001C,/Images/flames.png,10.3%,3.7%,1.4%,0.5%,0.1%
5,2025-04-13,Carolina Hurricanes,CAR,#CE1126,/Images/canes.png,100%,69.1%,36.3%,22.4%,13.9%
6,2025-04-13,Chicago Blackhawks,CHI,#CF0A2C,/Images/blackhawks.png,0%,0%,0%,0%,0%
7,2025-04-13,Colorado Avalanche,COL,#6F263D,/Images/avalanche.png,100%,42.2%,17.6%,8.7%,3.5%
8,2025-04-13,Columbus Blue Jackets,CBJ,#002654,/Images/blue jackets.png,1.9%,0.5%,0.1%,0%,0%
9,2025-04-13,Dallas Stars,DAL,#006847,/Images/stars.png,100%,57.8%,28.5%,16.0%,7.6%
10,2025-04-13,Detroit Red Wings,DET,#ce1126,/Images/red wings.png,0%,0%,0%,0%,0%
11,2025-04-13,Edmonton Oilers,EDM,#FF4C00,/Images/oilers.png,100%,50.0%,27.0%,15.4%,7.3%
12,2025-04-13,Florida Panthers,FLA,#c8102E,/Images/panthers.png,100%,47.0%,24.3%,13.8%,7.9%
13,2025-04-13,Los Angeles Kings,LAK,#A2AAAD,/Images/kings.png,100%,50.0%,27.0%,15.1%,7.1%
14,2025-04-13,Minnesota Wild,MIN,#154734,/Images/wild.png,98.5%,39.6%,19.1%,7.7%,2.8%
15,2025-04-13,Montreal Canadiens,MTL,#AF1E2D,/Images/canadiens.png,98.1%,20.7%,5.3%,1.0%,0.2%
16,2025-04-13,Nashville Predators,NSH,#FFB81C,/Images/predators.png,0%,0%,0%,0%,0%
17,2025-04-13,New Jersey Devils,NJD,#CE1126,/Images/devils.png,100%,30.9%,10.4%,4.5%,1.9%
18,2025-04-13,New York Islanders,NYI,#00539b,/Images/islanders.png,0%,0%,0%,0%,0%
19,2025-04-13,New York Rangers,NYR,#0038A8,/Images/rangers.png,0%,0%,0%,0%,0%
20,2025-04-13,Ottawa Senators,OTT,#DA1A32,/Images/senators.png,100%,44.3%,21.6%,8.2%,3.8%
21,2025-04-13,Philadelphia Flyers,PHI,#F74902,/Images/flyers.png,0%,0%,0%,0%,0%
22,2025-04-13,Pittsburgh Penguins,PIT,#FCB514,/Images/penguins.png,0%,0%,0%,0%,0%
23,2025-04-13,San Jose Sharks,SJS,#006D75,/Images/sharks.png,0%,0%,0%,0%,0%
24,2025-04-13,Seattle Kraken,SEA,#68a2b9,/Images/kraken.png,0%,0%,0%,0%,0%
25,2025-04-13,St. Louis Blues,STL,#002F87,/Images/blues.png,91.2%,30.7%,11.0%,3.5%,1.0%
26,2025-04-13,Tampa Bay Lightning,TBL,#002868,/Images/lightning.png,100%,55.5%,31.4%,18.9%,11.6%
27,2025-04-13,Toronto Maple Leafs,TOR,#00205b,/Images/leafs.png,100%,53.3%,27.3%,11.3%,5.7%
28,2025-04-13,Utah Hockey Club,UTA,#5c88da,/Images/utah.png,0%,0%,0%,0%,0%
29,2025-04-13,Vancouver Canucks,VAN,#00205B,/Images/canucks.png,0%,0%,0%,0%,0%
30,2025-04-13,Vegas Golden Knights,VGK,#B4975A,/Images/golden knights.png,100%,61.7%,35.5%,17.8%,8.2%
31,2025-04-13,Washington Capitals,WSH,#041E42,/Images/capitals.png,100%,78.8%,43.3%,19.7%,10.7%
32,2025-04-13,Winnipeg Jets,WPG,#004C97,/Images/jets.png,100%,64.4%,33.1%,15.4%,6.7%
1,2025-04-18,Anaheim Ducks,ANA,#00685e,/Images/ducks.png,0%,0%,0%,0%,0%
2,2025-04-18,Boston Bruins,BOS,#FFB81C,/Images/bruins.png,0%,0%,0%,0%,0%
3,2025-04-18,Buffalo Sabres,BUF,#003087,/Images/sabres.png,0%,0%,0%,0%,0%
4,2025-04-18,Calgary Flames,CGY,#D2001C,/Images/flames.png,0%,0%,0%,0%,0%
5,2025-04-18,Carolina Hurricanes,CAR,#CE1126,/Images/canes.png,100%,65.9%,41.1%,21.8%,12.2%
6,2025-04-18,Chicago Blackhawks,CHI,#CF0A2C,/Images/blackhawks.png,0%,0%,0%,0%,0%
7,2025-04-18,Colorado Avalanche,COL,#6F263D,/Images/avalanche.png,100%,40.9%,21.2%,10.0%,4.3%
8,2025-04-18,Columbus Blue Jackets,CBJ,#002654,/Images/blue jackets.png,0.0%,0%,0%,0%,0%
9,2025-04-18,Dallas Stars,DAL,#006847,/Images/stars.png,100%,59.2%,35.6%,20.0%,10.6%
10,2025-04-18,Detroit Red Wings,DET,#ce1126,/Images/red wings.png,0%,0%,0%,0%,0%
11,2025-04-18,Edmonton Oilers,EDM,#FF4C00,/Images/oilers.png,100%,46.6%,23.0%,11.4%,5.2%
12,2025-04-18,Florida Panthers,FLA,#c8102E,/Images/panthers.png,100%,46.5%,28.3%,16.1%,9.2%
13,2025-04-18,Los Angeles Kings,LAK,#A2AAAD,/Images/kings.png,100%,53.4%,27.5%,14.2%,7.0%
14,2025-04-18,Minnesota Wild,MIN,#154734,/Images/wild.png,100%,41.6%,18.8%,8.5%,3.4%
15,2025-04-18,Montreal Canadiens,MTL,#AF1E2D,/Images/canadiens.png,100%,23.7%,5.6%,1.2%,0.3%
16,2025-04-18,Nashville Predators,NSH,#FFB81C,/Images/predators.png,0%,0%,0%,0%,0%
17,2025-04-18,New Jersey Devils,NJD,#CE1126,/Images/devils.png,100%,34.1%,16.2%,6.1%,2.6%
18,2025-04-18,New York Islanders,NYI,#00539b,/Images/islanders.png,0%,0%,0%,0%,0%
19,2025-04-18,New York Rangers,NYR,#0038A8,/Images/rangers.png,0%,0%,0%,0%,0%
20,2025-04-18,Ottawa Senators,OTT,#DA1A32,/Images/senators.png,100%,47.3%,17.3%,7.6%,3.4%
21,2025-04-18,Philadelphia Flyers,PHI,#F74902,/Images/flyers.png,0%,0%,0%,0%,0%
22,2025-04-18,Pittsburgh Penguins,PIT,#FCB514,/Images/penguins.png,0%,0%,0%,0%,0%
23,2025-04-18,San Jose Sharks,SJS,#006D75,/Images/sharks.png,0%,0%,0%,0%,0%
24,2025-04-18,Seattle Kraken,SEA,#68a2b9,/Images/kraken.png,0%,0%,0%,0%,0%
25,2025-04-18,St. Louis Blues,STL,#002F87,/Images/blues.png,100%,29.7%,8.5%,2.6%,0.7%
26,2025-04-18,Tampa Bay Lightning,TBL,#002868,/Images/lightning.png,100%,53.5%,34.0%,20.6%,12.5%
27,2025-04-18,Toronto Maple Leafs,TOR,#00205b,/Images/leafs.png,100%,52.7%,20.5%,9.6%,4.6%
28,2025-04-18,Utah Hockey Club,UTA,#5c88da,/Images/utah.png,0%,0%,0%,0%,0%
29,2025-04-18,Vancouver Canucks,VAN,#00205B,/Images/canucks.png,0%,0%,0%,0%,0%
30,2025-04-18,Vegas Golden Knights,VGK,#B4975A,/Images/golden knights.png,100%,58.4%,30.6%,15.9%,7.8%
31,2025-04-18,Washington Capitals,WSH,#041E42,/Images/capitals.png,100%,76.3%,37.1%,17.0%,8.3%
32,2025-04-18,Winnipeg Jets,WPG,#004C97,/Images/jets.png,100%,70.3%,34.6%,17.3%,8.0%